Player,Player-additional,Tm,Salary,Year
Stephen Curry,curryst01,GSW,43006362,2021
Russell Westbrook,westbru01,WAS,41358814,2021
Chris Paul,paulch01,PHO,41358814,2021
James Harden,hardeja01,BRK,41254920,2021
John Wall,walljo01,HOU,41254920,2021
Kevin Durant,duranke01,BRK,40108950,2021
LeBron James,jamesle01,LAL,39219565,2021
Paul George,georgpa01,LAC,35450412,2021
Klay Thompson,thompkl01,DAL,35361360,2021
Mike Conley,conlemi01,UTA,34502130,2021
Jimmy Butler,butleji01,MIA,34379100,2021
Kawhi Leonard,leonaka01,LAC,34379100,2021
Kemba Walker,walkeke02,BOS,34379100,2021
Tobias Harris,harrito02,PHI,34358850,2021
Khris Middleton,middlkh01,MIL,33051724,2021
Anthony Davis,davisan02,LAL,32742000,2021
Kyrie Irving,irvinky01,BRK,31742000,2021
Damian Lillard,lillada01,POR,31626953,2021
Kevin Love,loveke01,CLE,31258256,2021
Ben Simmons,simmobe01,PHI,30559200,2021
Pascal Siakam,siakapa01,TOR,30559200,2021
Kyle Lowry,lowryky01,TOR,30500000,2021
Steven Adams,adamsst01,NOP,29592696,2021
Joel Embiid,embiijo01,PHI,29542010,2021
Andrew Wiggins,wiggian01,GSW,29542010,2021
Nikola Jokić,jokicni01,DEN,29542010,2021
Devin Booker,bookede01,PHO,29467800,2021
Karl-Anthony Towns,townska01,MIN,29467800,2021
Kristaps Porziņģis,porzikr01,DAL,29467800,2021
CJ McCollum,mccolcj01,POR,29354152,2021
Bradley Beal,bealbr01,WAS,28751775,2021
D'Angelo Russell,russeda01,MIN,28649250,2021
Gordon Hayward,haywago01,CHO,28500000,2021
Otto Porter Jr.,porteot01,ORL,28489237,2021
DeMar DeRozan,derozde01,SAS,27739975,2021
Giannis Antetokounmpo,antetgi01,MIL,27528090,2021
Rudy Gobert,goberru01,UTA,27525281,2021
Al Horford,horfoal01,OKC,27500000,2021
Jamal Murray,murraja01,DEN,27285000,2021
Brandon Ingram,ingrabr01,NOP,27285000,2021
Jrue Holiday,holidjr01,MIL,26231111,2021
Nikola Vučević,vucevni01,CHI,26000000,2021
Buddy Hield,hieldbu01,SAC,24701834,2021
LaMarcus Aldridge,aldrila01,BRK,24000000,2021
Jaylen Brown,brownja02,BOS,23735118,2021
Draymond Green,greendr01,GSW,22246956,2021
Harrison Barnes,barneha02,SAC,22215909,2021
Fred VanVleet,vanvlfr01,TOR,21250000,2021
Victor Oladipo,oladivi01,MIA,21000000,2021
Malcolm Brogdon,brogdma01,IND,20700000,2021
Domantas Sabonis,sabondo01,IND,19800000,2021
Gary Harris,harriga01,ORL,19610714,2021
Danilo Gallinari,gallida01,ATL,19500000,2021
Zach LaVine,lavinza01,CHI,19500000,2021
Jerami Grant,grantje01,DET,19050000,2021
Tim Hardaway Jr.,hardati02,DAL,18975000,2021
Julius Randle,randlju01,NYK,18900000,2021
Terry Rozier,roziete01,CHO,18900000,2021
Aaron Gordon,gordoaa01,DEN,18136364,2021
Goran Dragić,dragigo01,MIA,18000000,2021
Myles Turner,turnemy01,IND,18000000,2021
Bogdan Bogdanović,bogdabo01,ATL,18000000,2021
Bojan Bogdanović,bogdabo02,UTA,17850000,2021
Evan Fournier,fournev01,BOS,17150000,2021
Ricky Rubio,rubiori01,MIN,17000000,2021
Eric Bledsoe,bledser01,NOP,16875000,2021
Eric Gordon,gordoer01,HOU,16869276,2021
Caris LeVert,leverca01,IND,16203704,2021
Joe Harris,harrijo01,BRK,16071429,2021
James Johnson,johnsja01,NOP,16047100,2021
Dennis Schröder,schrode01,LAL,16000000,2021
Clint Capela,capelca01,ATL,16000000,2021
Cody Zeller,zelleco01,CHO,15415730,2021
Danny Green,greenda02,PHI,15365853,2021
Dāvis Bertāns,bertada01,WAS,15000000,2021
Andre Iguodala,iguodan01,MIA,15000000,2021
Jonas Valančiūnas,valanjo01,MEM,15000000,2021
Marcus Morris,morrima03,LAC,14888721,2021
Rudy Gay,gayru01,SAS,14500000,2021
Kelly Oubre Jr.,oubreke01,GSW,14375000,2021
Dejounte Murray,murrade01,SAS,14286000,2021
Will Barton,bartowi01,DEN,13723214,2021
Thaddeus Young,youngth01,CHI,13545000,2021
Patty Mills,millspa02,SAS,13535714,2021
Terrence Ross,rosste01,ORL,13500000,2021
Marcus Smart,smartma01,BOS,13446428,2021
Malik Beasley,beaslma01,MIN,13425895,2021
Patrick Beverley,beverpa01,LAC,13333333,2021
Christian Wood,woodch01,HOU,13015873,2021
JJ Redick,redicjj01,DAL,13013700,2021
Justise Winslow,winslju01,MEM,13000000,2021
Jusuf Nurkić,nurkiju01,POR,12888889,2021
Trevor Ariza,arizatr01,MIA,12800000,2021
Brook Lopez,lopezbr01,MIL,12697674,2021
Cory Joseph,josepco01,DET,12600000,2021
Kelly Olynyk,olynyke01,HOU,12598243,2021
T.J. Warren,warretj01,IND,12500000,2021
Markelle Fultz,fultzma01,ORL,12288697,2021
Taurean Prince,princta02,CLE,12250000,2021
Tony Snell,snellto01,ATL,12178571,2021
Robert Covington,covinro01,POR,12138345,2021
Kentavious Caldwell-Pope,caldwke01,LAL,12073020,2021
Larry Nance Jr.,nancela02,CLE,11709091,2021
Jordan Clarkson,clarkjo01,UTA,11500000,2021
Spencer Dinwiddie,dinwisp01,BRK,11454048,2021
Dillon Brooks,brookdi01,MEM,11400000,2021
Dwight Powell,poweldw01,DAL,11080125,2021
Lonzo Ball,balllo01,NOP,11003782,2021
Josh Richardson,richajo01,DAL,10865952,2021
Norman Powell,powelno01,POR,10865952,2021
Joe Ingles,inglejo01,UTA,10863637,2021
Jeremy Lamb,lambje01,IND,10500000,2021
DeAndre Jordan,jordade01,BRK,10375678,2021
Zion Williamson,willizi01,NOP,10245480,2021
Rodney Hood,hoodro01,TOR,10047450,2021
Tomáš Satoranský,satorto01,CHI,10000000,2021
Darren Collison,collida01,LAL,10000000,2021
Jayson Tatum,tatumja01,BOS,9897120,2021
Anthony Edwards,edwaran01,MIN,9757440,2021
Al-Farouq Aminu,aminual01,CHI,9720900,2021
Dante Exum,exumda01,CLE,9600000,2021
George Hill,hillge01,PHI,9590602,2021
De'Anthony Melton,meltode01,MEM,9571712,2021
Deandre Ayton,aytonde01,PHO,9562920,2021
Kyle Anderson,anderky01,MEM,9505100,2021
Meyers Leonard,leoname01,MIA,9400000,2021
Montrezl Harrell,harremo01,LAL,9258000,2021
Jae Crowder,crowdja01,PHO,9258000,2021
Serge Ibaka,ibakase01,LAC,9258000,2021
Derrick Jones Jr.,jonesde02,POR,9258000,2021
Tristan Thompson,thomptr01,BOS,9258000,2021
Derrick Favors,favorde01,UTA,9258000,2021
Dario Šarić,saricda01,PHO,9250000,2021
Ja Morant,moranja01,MEM,9166800,2021
Delon Wright,wrighde01,SAC,9000000,2021
Marvin Bagley III,baglema01,SAC,8963640,2021
Cedi Osman,osmande01,CLE,8840580,2021
Tyus Jones,jonesty01,MEM,8817143,2021
James Wiseman,wisemja01,GSW,8730240,2021
Royce O'Neale,onealro01,UTA,8500000,2021
Thomas Bryant,bryanth01,WAS,8333333,2021
C.J. Miles,milescj01,BOS,8333333,2021
Maxi Kleber,klebima01,DAL,8325000,2021
RJ Barrett,barrerj01,NYK,8231760,2021
Jakob Poeltl,poeltja01,SAS,8101852,2021
De'Aaron Fox,foxde01,SAC,8099627,2021
Luka Dončić,doncilu01,DAL,8049360,2021
Mason Plumlee,plumlma01,DET,8000000,2021
Lou Williams,willilo02,ATL,8000000,2021
P.J. Tucker,tuckepj01,MIL,7969537,2021
LaMelo Ball,ballla01,CHO,7839960,2021
Seth Curry,curryse01,PHI,7834449,2021
Derrick Rose,rosede01,NYK,7682927,2021
Cristiano Felício,feliccr01,CHI,7529020,2021
Rajon Rondo,rondora01,LAC,7500000,2021
De'Andre Hunter,huntede01,ATL,7422000,2021
Doug McDermott,mcderdo01,IND,7333333,2021
Robin Lopez,lopezro01,WAS,7300000,2021
Jaren Jackson Jr.,jacksja02,MEM,7257360,2021
JaMychal Green,greenja01,DEN,7199760,2021
Patrick Williams,willipa01,CHI,7068360,2021
Aron Baynes,baynear01,TOR,7000000,2021
Darius Miller,milleda01,OKC,7000000,2021
Ivica Zubac,zubaciv01,LAC,7000000,2021
Chris Boucher,bouchch01,TOR,6750000,2021
Lauri Markkanen,markkla01,CHI,6731508,2021
Darius Garland,garlada01,CLE,6720720,2021
D.J. Augustin,augusdj01,HOU,6666667,2021
Trae Young,youngtr01,ATL,6571800,2021
Juancho Hernangómez,hernaju01,MIN,6493000,2021
Isaac Okoro,okorois01,CLE,6400920,2021
Frank Ntilikina,ntilila01,NYK,6176578,2021
Jarrett Culver,culveja01,MIN,6104280,2021
Ish Smith,smithis01,WAS,6000000,2021
Alec Burks,burksal01,NYK,6000000,2021
Mo Bamba,bambamo01,ORL,5969040,2021
Onyeka Okongwu,okongon01,ATL,5813640,2021
Justin Holiday,holidju01,IND,5720000,2021
Dennis Smith Jr.,smithde03,DET,5686677,2021
Avery Bradley,bradlav01,HOU,5635000,2021
Coby White,whiteco01,CHI,5572680,2021
Trey Lyles,lylestr01,SAS,5500000,2021
Wendell Carter Jr.,cartewe01,ORL,5448840,2021
Zach Collins,colliza01,CHI,5406255,2021
Malik Monk,monkma01,CHO,5345687,2021
Killian Hayes,hayeski01,DET,5307120,2021
Luke Kennard,kennalu01,LAC,5273826,2021
Donovan Mitchell,mitchdo01,UTA,5195501,2021
Rodney McGruder,mcgruro01,DET,5192307,2021
Bam Adebayo,adebaba01,MIA,5115492,2021
Jaxson Hayes,hayesja02,NOP,5105160,2021
Richaun Holmes,holmeri01,SAC,5005350,2021
Mike Scott,scottmi01,PHI,5005350,2021
Ed Davis,davised01,MIN,5005350,2021
Enes Freedom,kanteen01,POR,5005350,2021
Nerlens Noel,noelne01,NYK,5000000,2021
Daniel Theis,theisda01,CHI,5000000,2021
Collin Sexton,sextoco01,CLE,4991880,2021
Pat Connaughton,connapa01,MIL,4938272,2021
Obi Toppin,toppiob01,NYK,4862040,2021
Josh Jackson,jacksjo02,DET,4767000,2021
Garrett Temple,templga01,CHI,4767000,2021
Kris Dunn,dunnkr01,ATL,4767000,2021
Rui Hachimura,hachiru01,WAS,4692840,2021
Denzel Valentine,valende01,CHI,4642800,2021
Kevin Knox,knoxke01,NYK,4588680,2021
D.J. Wilson,wilsodj01,HOU,4548280,2021
Deni Avdija,avdijde01,WAS,4469160,2021
Kevon Looney,looneke01,GSW,4464226,2021
Cam Reddish,reddica01,ATL,4458000,2021
T.J. Leaf,leaftj01,POR,4326825,2021
Jalen Smith,smithja04,PHO,4245720,2021
JaVale McGee,mcgeeja01,DEN,4200000,2021
Reggie Bullock,bullore01,NYK,4200000,2021
Mikal Bridges,bridgmi01,PHO,4161000,2021
Shai Gilgeous-Alexander,gilgesh01,OKC,4141320,2021
John Collins,collijo01,ATL,4137302,2021
Nicolò Melli,mellini01,DAL,4102564,2021
Willie Cauley-Stein,caulewi01,DAL,4100000,2021
Devin Vassell,vassede01,SAS,4033440,2021
Cameron Johnson,johnsca02,PHO,4033440,2021
P.J. Washington,washipj01,CHO,4023600,2021
Patrick McCaw,mccawpa01,TOR,4000000,2021
Dorian Finney-Smith,finnedo01,DAL,4000000,2021
Terrance Ferguson,fergute01,PHI,3944013,2021
Miles Bridges,bridgmi02,CHO,3934320,2021
Jevon Carter,carteje01,PHO,3925000,2021
Jarrett Allen,allenja01,CLE,3909902,2021
OG Anunoby,anunoog01,TOR,3872215,2021
Gabriel Deck,deckga01,OKC,3870370,2021
Tyrese Haliburton,halibty01,SAC,3831840,2021
Stanley Johnson,johnsst04,TOR,3804150,2021
Jake Layman,laymaja01,MIN,3761085,2021
Jerome Robinson,robinje01,WAS,3737520,2021
Danuel House Jr.,houseda01,HOU,3717000,2021
Kira Lewis Jr.,lewiski01,NOP,3640200,2021
Romeo Langford,langfro01,BOS,3631200,2021
Bobby Portis,portibo01,MIL,3623000,2021
Maurice Harkless,harklma01,SAC,3623000,2021
Wesley Matthews,matthwe02,LAL,3623000,2021
Kyle Kuzma,kuzmaky01,LAL,3562178,2021
Michael Porter Jr.,portemi01,DEN,3550800,2021
Tony Bradley,bradlto01,OKC,3542060,2021
Derrick White,whitede01,SAS,3516284,2021
Bismack Biyombo,biyombi01,CHO,3500000,2021
T.J. McConnell,mccontj01,IND,3500000,2021
Boban Marjanović,marjabo01,DAL,3500000,2021
Josh Hart,hartjo01,NOP,3491159,2021
Aaron Nesmith,nesmiaa01,BOS,3458400,2021
Sekou Doumbouya,doumbse01,DET,3449400,2021
Michael Carter-Williams,cartemi01,ORL,3300000,2021
James Ennis III,ennisja01,ORL,3300000,2021
Cole Anthony,anthoco01,ORL,3285120,2021
Troy Brown Jr.,browntr01,CHI,3219480,2021
Chuma Okeke,okekech01,ORL,3121080,2021
Isaiah Stewart,stewais01,DET,3121080,2021
Nickeil Alexander-Walker,alexani01,NOP,3113160,2021
Patrick Patterson,pattepa01,LAC,3077704,2021
Donte DiVincenzo,divindo01,MIL,3044160,2021
Trey Burke,burketr01,DAL,3000000,2021
Khem Birch,birchkh01,TOR,3000000,2021
Ryan Arcidiacono,arcidry01,CHI,3000000,2021
Aleksej Pokusevski,pokusal01,OKC,2964840,2021
Goga Bitadze,bitadgo01,IND,2957520,2021
Luka Šamanić,samanlu01,SAS,2892000,2021
Lonnie Walker IV,walkelo01,SAS,2892000,2021
Josh Green,greenjo02,DAL,2816760,2021
Kevin Huerter,huertke01,ATL,2761920,2021
Alex Caruso,carusal01,LAL,2750000,2021
Matisse Thybulle,thybuma01,PHI,2711280,2021
Saddiq Bey,beysa01,DET,2689920,2021
Josh Okogie,okogijo01,MIN,2651040,2021
Brandon Clarke,clarkbr01,MEM,2602920,2021
Precious Achiuwa,achiupr01,MIA,2582160,2021
Tyler Herro,herroty01,MIA,2582160,2021
Marc Gasol,gasolma01,LAL,2564753,2021
Grayson Allen,allengr01,MEM,2545320,2021
Grant Williams,willigr01,BOS,2498760,2021
Tyrese Maxey,maxeyty01,PHI,2478840,2021
Chandler Hutchison,hutchch01,WAS,2443440,2021
Aaron Holiday,holidaa01,IND,2345640,2021
Darius Bazley,bazleda01,OKC,2339160,2021
Bryn Forbes,forbebr01,MIL,2337145,2021
Ty Jerome,jeromty01,OKC,2303040,2021
Zeke Nnaji,nnajize01,DEN,2284800,2021
Mike Muscala,muscami01,OKC,2283034,2021
Ben McLemore,mclembe01,LAL,2283034,2021
Anfernee Simons,simonan01,POR,2252040,2021
Brad Wanamaker,wanambr01,CHO,2250000,2021
Luke Kornet,kornelu01,BOS,2250000,2021
Nassir Little,littlna01,POR,2210640,2021
Payton Pritchard,pritcpa01,BOS,2193480,2021
R.J. Hampton,hamptrj01,ORL,2193040,2021
Edmond Sumner,sumneed01,IND,2160000,2021
Dylan Windler,windldy01,CLE,2137440,2021
Immanuel Quickley,quickim01,NYK,2105520,2021
John Konchar,konchjo01,MEM,2100000,2021
Landry Shamet,shamela01,BRK,2090040,2021
Jordan Poole,poolejo01,GSW,2063280,2021
Bol Bol,bolbo01,DEN,2058240,2021
Keldon Johnson,johnske04,SAS,2048040,2021
Robert Williams,williro04,BOS,2029920,2021
Kenrich Williams,willike04,OKC,2000000,2021
Théo Maledon,maledth01,OKC,2000000,2021
Damyean Dotson,dotsoda01,CLE,2000000,2021
Gary Clark,clarkga01,PHI,2000000,2021
Cameron Payne,payneca01,PHO,1977011,2021
Udoka Azubuike,azubuud01,UTA,1977000,2021
Jaden McDaniels,mcdanja02,MIN,1964760,2021
Malachi Flynn,flynnma01,TOR,1950600,2021
Desmond Bane,banede01,MEM,1936440,2021
Jontay Porter,portejo01,MEM,1900000,2021
Jahlil Okafor,okafoja01,DET,1882867,2021
Marquese Chriss,chrisma01,GSW,1824003,2021
David Nwaba,nwabada01,HOU,1824003,2021
Georges Niang,niangge01,UTA,1783557,2021
PJ Dozier,doziepj01,DEN,1762796,2021
Damion Lee,leeda03,GSW,1762796,2021
Furkan Korkmaz,korkmfu01,PHI,1762796,2021
Alfonzo McKinnie,mckinal01,LAL,1762796,2021
Abdel Nader,naderab01,PHO,1752950,2021
Semi Ojeleye,ojelese01,BOS,1752950,2021
DeAndre' Bembry,bembrde01,TOR,1737145,2021
Kevin Porter Jr.,porteke02,HOU,1717981,2021
Shake Milton,miltosh01,PHI,1701593,2021
Thanasis Antetokounmpo,antetth01,MIL,1701593,2021
Brandon Goodwin,goodwbr01,ATL,1701593,2021
Wes Iwundu,iwundwe01,NOP,1678854,2021
Isaac Bonga,bongais01,WAS,1663861,2021
Gary Trent Jr.,trentga02,TOR,1663861,2021
Bruce Brown,brownbr01,BRK,1663861,2021
Hamidou Diallo,diallha01,DET,1663861,2021
Kendrick Nunn,nunnke01,MIA,1663861,2021
Mitchell Robinson,robinmi01,NYK,1663861,2021
Jalen Brunson,brunsja01,DAL,1663861,2021
Keita Bates-Diop,bateske01,SAS,1663861,2021
Duncan Robinson,robindu01,MIA,1663861,2021
Svi Mykhailiuk,mykhasv01,OKC,1663861,2021
Jarred Vanderbilt,vandeja01,MIN,1663361,2021
Wenyen Gabriel,gabriwe01,NOP,1620564,2021
Shaquille Harrison,harrish01,DEN,1620564,2021
Hassan Whiteside,whiteha01,SAC,1620564,2021
Tyler Johnson,johnsty01,BRK,1620564,2021
Quinn Cook,cookqu01,CLE,1620564,2021
Matthew Dellavedova,dellama01,CLE,1620564,2021
Kent Bazemore,bazemke01,GSW,1620564,2021
Drew Eubanks,eubandr01,SAS,1620564,2021
Isaiah Thomas,thomais02,NOP,1620564,2021
Nicolas Batum,batumni01,LAC,1620564,2021
E'Twaun Moore,mooreet01,PHO,1620564,2021
Isaiah Hartenstein,harteis01,CLE,1620564,2021
Solomon Hill,hillso01,ATL,1620564,2021
Glenn Robinson III,robingl02,SAC,1620564,2021
Udonis Haslem,hasleud01,MIA,1620564,2021
Harry Giles,gilesha01,POR,1620564,2021
Sterling Brown,brownst02,HOU,1620564,2021
Wayne Ellington,ellinwa01,DET,1620564,2021
Jared Dudley,dudleja01,LAL,1620564,2021
Dwight Howard,howardw01,PHI,1620564,2021
Carmelo Anthony,anthoca01,POR,1620564,2021
JaKarr Sampson,sampsja02,IND,1620564,2021
Langston Galloway,gallola01,PHO,1620564,2021
Frank Kaminsky,kaminfr01,PHO,1620564,2021
Jeff Green,greenje02,BRK,1620564,2021
Reggie Jackson,jacksre01,LAC,1620564,2021
Markieff Morris,morrima02,LAL,1620564,2021
Thon Maker,makerth01,CLE,1620564,2021
Raul Neto,netora01,WAS,1620564,2021
Torrey Craig,craigto01,PHO,1620564,2021
Willy Hernangómez,hernawi01,NOP,1620564,2021
Joe Johnson,johnsjo02,BOS,1620564,2021
Monte Morris,morrimo01,DEN,1588231,2021
Tyrone Wallace,wallaty01,NOP,1588231,2021
Cody Martin,martico01,CHO,1517981,2021
Mychal Mulder,muldemy01,GSW,1517981,2021
Jalen McDaniels,mcdanja01,CHO,1517981,2021
Anžejs Pasečņiks,pasecan01,WAS,1517981,2021
Talen Horton-Tucker,hortota01,LAL,1517981,2021
Luguentz Dort,dortlu01,OKC,1517981,2021
KZ Okpala,okpalkz01,MIA,1517981,2021
Terence Davis,daviste02,SAC,1517981,2021
Miye Oni,onimi01,UTA,1517981,2021
Admiral Schofield,schofad01,ORL,1517981,2021
Isaiah Roby,robyis01,OKC,1517981,2021
Nic Claxton,claxtni01,BRK,1517981,2021
Naz Reid,reidna01,MIN,1517981,2021
Eric Paschall,pascher01,GSW,1517981,2021
Jalen Lecque,lecquja01,IND,1517981,2021
Rayjon Tucker,tuckera01,PHI,1517981,2021
Caleb Martin,martica02,CHO,1517981,2021
Juwan Morgan,morgaju01,UTA,1517981,2021
Terance Mann,mannte01,LAC,1517981,2021
Alen Smailagić,smailal01,GSW,1517981,2021
Jaylen Nowell,nowelja01,MIN,1517981,2021
Carsen Edwards,edwarca01,BOS,1517981,2021
Vlatko Čančar,cancavl01,DEN,1517981,2021
Daniel Gafford,gaffoda01,WAS,1517981,2021
Dean Wade,wadede01,CLE,1517981,2021
Matt Thomas,thomama02,UTA,1517981,2021
Javonte Green,greenja02,CHI,1517981,2021
Justin James,jamesju01,SAC,1517981,2021
Bruno Fernando,fernabr01,ATL,1517981,2021
Chris Silva,silvach01,SAC,1517981,2021
Robert Woodard II,woodaro01,SAC,1500000,2021
Paul Watson,watsopa01,TOR,1445697,2021
DaQuan Jeffries,jeffrda01,HOU,1445697,2021
Jae'Sean Tate,tateja01,HOU,1445697,2021
Theo Pinson,pinsoth01,NYK,1445697,2021
Kelan Martin,martike03,IND,1445697,2021
Taj Gibson,gibsota01,NYK,1442968,2021
Jaylen Adams,adamsja01,MIL,1416852,2021
Jemerrio Jones,jonesje01,LAL,1416852,2021
Jaylen Morris,morrija01,SAS,1378242,2021
Vernon Carey Jr.,careyve01,CHO,1350000,2021
James Nunnally,nunnaja01,NOP,1349383,2021
Xavier Tillman Sr.,tillmxa01,MEM,1300000,2021
Tyrell Terry,terryty01,DAL,1289846,2021
Alex Len,lenal01,WAS,1265372,2021
Noah Vonleh,vonleno01,BRK,1087776,2021
Nick Richards,richani01,CHO,1000000,2021
Jahmi'us Ramsey,ramseja01,SAC,1000000,2021
Gorgui Dieng,dienggo01,SAS,1000000,2021
Paul Millsap,millspa01,DEN,1000000,2021
Daniel Oturu,oturuda01,LAC,898310,2021
Jordan Nwora,nworajo01,MIL,898310,2021
Anthony Gill,gillan01,WAS,898310,2021
Isaiah Joe,joeis01,PHI,898310,2021
Tre Jones,jonestr01,SAS,898310,2021
Elijah Hughes,hugheel01,UTA,898310,2021
KJ Martin,martike04,HOU,898310,2021
CJ Elleby,ellebcj01,POR,898310,2021
Deividas Sirvydis,sirvyde01,DET,898310,2021
Sam Merrill,merrisa01,MIL,898310,2021
Max Strus,strusma01,MIA,898310,2021
Andre Drummond,drumman01,LAL,794536,2021
Blake Griffin,griffbl01,BRK,776983,2021
Oshae Brissett,brissos01,IND,757453,2021
Ersan İlyasova,ilyaser01,UTA,754783,2021
Chimezie Metu,metuch01,SAC,700000,2021
Timothé Luwawu-Cabarrot,luwawti01,BRK,654469,2021
Lamar Stevens,stevela01,CLE,652366,2021
Paul Reed,reedpa01,PHI,609128,2021
Jeff Teague,teaguje01,MIL,510589,2021
Norvel Pelle,pelleno01,NYK,500000,2021
Dewayne Dedmon,dedmode01,MIA,432890,2021
Nemanja Bjelica,bjeline01,MIA,432890,2021
Jabari Parker,parkeja01,BOS,430729,2021
Alize Johnson,johnsal02,BRK,399591,2021
Tyler Cook,cookty01,BRK,396081,2021
Juan Toscano-Anderson,toscaju01,GSW,358295,2021
Yuta Watanabe,watanyu01,TOR,321893,2021
Anthony Tolliver,tollian01,PHI,263501,2021
Tim Frazier,fraziti01,MEM,255294,2021
Khyri Thomas,thomakh01,HOU,250000,2021
Damian Jones,jonesda03,SAC,237965,2021
DeMarcus Cousins,couside01,LAC,233095,2021
Moritz Wagner,wagnemo01,ORL,221995,2021
Yogi Ferrell,ferreyo01,LAC,214169,2021
Rondae Hollis-Jefferson,holliro01,POR,210895,2021
Austin Rivers,riverau01,DEN,188696,2021
Devonte' Graham,grahade01,CHO,163861,2021
Mamadi Diakite,diakima01,MIL,160173,2021
Mfiondu Kabengele,kabenmf01,CLE,154433,2021
Naji Marshall,marshna01,NOP,120000,2021
Freddie Gillespie,gillefr01,TOR,116903,2021
Ignas Brazdeikis,brazdig01,ORL,49510,2021
Mike James,jamesmi02,BRK,39608,2021
Elijah Bryant,bryanel01,MIL,24611,2021
Charlie Brown Jr.,brownch02,OKC,19804,2021
Omer Yurtseven,yurtsom01,UTA,18458,2021
Gary Payton II,paytoga02,GSW,11898,2021
Stephen Curry,curryst01,GSW,45780966,2022
James Harden,hardeja01,PHI,44310840,2022
John Wall,walljo01,HOU,44310840,2022
Russell Westbrook,westbru01,LAL,44211146,2022
Kevin Durant,duranke01,BRK,42018900,2022
LeBron James,jamesle01,LAL,41180544,2022
Giannis Antetokounmpo,antetgi01,MIL,39344970,2022
Damian Lillard,lillada01,POR,39344900,2022
Kawhi Leonard,leonaka01,LAC,39344900,2022
Paul George,georgpa01,LAC,39344900,2022
Klay Thompson,thompkl01,GSW,37980720,2022
Jimmy Butler,butleji01,MIA,36016200,2022
Tobias Harris,harrito02,PHI,35995950,2022
Khris Middleton,middlkh01,MIL,35500000,2022
Anthony Davis,davisan02,LAL,35361360,2022
Rudy Gobert,goberru01,UTA,35344828,2022
Kyrie Irving,irvinky01,BRK,35328700,2022
Bradley Beal,bealbr01,WAS,33724200,2022
Ben Simmons,simmobe01,LAC,33003936,2022
Pascal Siakam,siakapa01,TOR,33003936,2022
Jrue Holiday,holidjr01,MIL,32413333,2022
Devin Booker,bookede01,PHO,31650600,2022
Karl-Anthony Towns,townska01,MIN,31650600,2022
Kristaps Porziņģis,porzikr01,WAS,31650600,2022
Joel Embiid,embiijo01,PHI,31579390,2022
Andrew Wiggins,wiggian01,GSW,31579390,2022
Nikola Jokić,jokicni01,DEN,31579390,2022
Kevin Love,loveke01,CLE,31258256,2022
CJ McCollum,mccolcj01,NOP,30864198,2022
D'Angelo Russell,russeda01,MIN,30013500,2022
Chris Paul,paulch01,PHO,30000000,2022
Gordon Hayward,haywago01,CHO,29925000,2022
Jamal Murray,murraja01,DEN,29467800,2022
Brandon Ingram,ingrabr01,NOP,29467800,2022
De'Aaron Fox,foxde01,SAC,28103550,2022
Bam Adebayo,adebaba01,MIA,28103500,2022
Donovan Mitchell,mitchdo01,UTA,28103500,2022
Jayson Tatum,tatumja01,BOS,28103500,2022
Al Horford,horfoal01,BOS,27000000,2022
Kyle Lowry,lowryky01,MIA,26894128,2022
Jaylen Brown,brownja02,BOS,26758928,2022
DeMar DeRozan,derozde01,CHI,26000000,2022
Draymond Green,greendr01,GSW,24026712,2022
Nikola Vučević,vucevni01,CHI,24000000,2022
John Collins,collijo01,ATL,23000000,2022
Buddy Hield,hieldbu01,IND,22768890,2022
Julius Randle,randlju01,NYK,21780000,2022
Malcolm Brogdon,brogdma01,IND,21700000,2022
Tim Hardaway Jr.,hardati02,DAL,21308816,2022
Mike Conley,conlemi01,UTA,21000000,2022
Gary Harris,harriga01,ORL,20482143,2022
Danilo Gallinari,gallida01,ATL,20475000,2022
Harrison Barnes,barneha02,SAC,20284091,2022
Jerami Grant,grantje01,DET,20002500,2022
Jarrett Allen,allenja01,CLE,20000000,2022
Domantas Sabonis,sabondo01,SAC,19800000,2022
Fred VanVleet,vanvlfr01,TOR,19675926,2022
Zach LaVine,lavinza01,CHI,19500000,2022
Bojan Bogdanović,bogdabo02,UTA,18700000,2022
Lonzo Ball,balllo01,CHI,18604651,2022
Clint Capela,capelca01,ATL,18603448,2022
Eric Gordon,gordoer01,HOU,18218818,2022
Eric Bledsoe,bledser01,LAC,18125000,2022
Myles Turner,turnemy01,IND,18000000,2022
Bogdan Bogdanović,bogdabo01,ATL,18000000,2022
Terry Rozier,roziete01,CHO,17905263,2022
Ricky Rubio,rubiori01,CLE,17800000,2022
Caris LeVert,leverca01,CLE,17500000,2022
Joe Harris,harrijo01,BRK,17357143,2022
Spencer Dinwiddie,dinwisp01,DAL,17142857,2022
Steven Adams,adamsst01,MEM,17073171,2022
Evan Fournier,fournev01,NYK,17000000,2022
Markelle Fultz,fultzma01,ORL,16500000,2022
Aaron Gordon,gordoaa01,DEN,16409091,2022
OG Anunoby,anunoog01,TOR,16071429,2022
Dāvis Bertāns,bertada01,DAL,16000000,2022
Gary Trent Jr.,trentga02,TOR,16000000,2022
Lauri Markkanen,markkla01,CLE,15690909,2022
Duncan Robinson,robindu01,MIA,15650000,2022
Marcus Morris,morrima03,LAC,15627907,2022
Will Barton,bartowi01,DEN,15625000,2022
Norman Powell,powelno01,LAC,15517241,2022
Dejounte Murray,murrade01,SAS,15428880,2022
Derrick White,whitede01,BOS,15178571,2022
Malik Beasley,beaslma01,MIN,14491964,2022
Marcus Smart,smartma01,BOS,14339285,2022
Patrick Beverley,beverpa01,MIN,14320988,2022
Thaddeus Young,youngth01,TOR,14190000,2022
Jonas Valančiūnas,valanjo01,NOP,14000000,2022
Doug McDermott,mcderdo01,SAS,13750000,2022
Christian Wood,woodch01,HOU,13666667,2022
Derrick Rose,rosede01,NYK,13445120,2022
Luke Kennard,kennalu01,LAC,13347727,2022
Brook Lopez,lopezbr01,MIL,13302325,2022
Kentavious Caldwell-Pope,caldwke01,WAS,13038862,2022
Joe Ingles,inglejo01,UTA,13036364,2022
Kyle Kuzma,kuzmaky01,WAS,13000000,2022
Taurean Prince,princta02,MIN,13000000,2022
Robert Covington,covinro01,LAC,12975471,2022
T.J. Warren,warretj01,NYK,12690000,2022
Deandre Ayton,aytonde01,PHO,12632950,2022
Terrence Ross,rosste01,ORL,12500000,2022
Jordan Clarkson,clarkjo01,UTA,12420000,2022
Dillon Brooks,brookdi01,MEM,12200000,2022
Kelly Olynyk,olynyke01,DET,12195122,2022
Jusuf Nurkić,nurkiju01,POR,12000000,2022
Kelly Oubre Jr.,oubreke01,CHO,12000000,2022
Josh Hart,hartjo01,POR,12000000,2022
Josh Richardson,richajo01,SAS,11615328,2022
Marvin Bagley III,baglema01,DET,11312114,2022
Dwight Powell,poweldw01,DAL,11080125,2022
Devonte' Graham,grahade01,NOP,11000000,2022
Zion Williamson,willizi01,NOP,10733400,2022
Larry Nance Jr.,nancela02,NOP,10690909,2022
Jeremy Lamb,lambje01,SAC,10500000,2022
Richaun Holmes,holmeri01,SAC,10384500,2022
Reggie Jackson,jacksre01,LAC,10384500,2022
Anthony Edwards,edwaran01,MIN,10245480,2022
Luka Dončić,doncilu01,DAL,10174391,2022
Cade Cunningham,cunnica01,DET,10050120,2022
Tomáš Satoranský,satorto01,WAS,10000000,2022
Danny Green,greenda02,PHI,10000000,2022
Kyle Anderson,anderky01,MEM,9937150,2022
Montrezl Harrell,harremo01,CHO,9720900,2022
Jae Crowder,crowdja01,PHO,9720900,2022
Serge Ibaka,ibakase01,MIL,9720900,2022
Derrick Jones Jr.,jonesde02,CHI,9720900,2022
Derrick Favors,favorde01,OKC,9720900,2022
Ja Morant,moranja01,MEM,9603360,2022
Alec Burks,burksal01,NYK,9536000,2022
Reggie Bullock,bullore01,DAL,9536000,2022
Talen Horton-Tucker,hortota01,LAL,9500000,2022
Mason Plumlee,plumlma01,CHO,9248333,2022
Jaren Jackson Jr.,jacksja02,MEM,9180560,2022
James Wiseman,wisemja01,IND,9166800,2022
Jalen Green,greenja05,HOU,8992200,2022
Maxi Kleber,klebima01,DAL,8975000,2022
De'Anthony Melton,meltode01,MEM,8805976,2022
Royce O'Neale,onealro01,UTA,8800000,2022
Jakob Poeltl,poeltja01,SAS,8750000,2022
Kemba Walker,walkeke02,NYK,8729020,2022
Thomas Bryant,bryanth01,WAS,8666667,2022
Alex Caruso,carusal01,CHI,8650651,2022
RJ Barrett,barrerj01,NYK,8623920,2022
Delon Wright,wrighde01,ATL,8526316,2022
Dario Šarić,saricda01,SAC,8510000,2022
Monte Morris,morrimo01,DEN,8449074,2022
Tyus Jones,jonesty01,MEM,8376286,2022
Trae Young,youngtr01,ATL,8326471,2022
Daniel Theis,theisda01,BOS,8280351,2022
LaMelo Ball,ballla01,CHO,8231760,2022
Seth Curry,curryse01,BRK,8207518,2022
JaMychal Green,greenja01,DEN,8200000,2022
Cedi Osman,osmande01,CLE,8133334,2022
Evan Mobley,mobleev01,CLE,8075160,2022
Nerlens Noel,noelne01,NYK,8000000,2022
De'Andre Hunter,huntede01,ATL,7775400,2022
Mo Bamba,bambamo01,ORL,7568743,2022
Ivica Zubac,zubaciv01,LAC,7518518,2022
T.J. McConnell,mccontj01,IND,7500000,2022
Patrick Williams,willipa01,CHI,7422000,2022
Aron Baynes,baynear01,TOR,7350000,2022
Scottie Barnes,barnesc01,TOR,7280520,2022
Darius Garland,garlada01,CLE,7040880,2022
Chris Boucher,bouchch01,TOR,7020000,2022
Zach Collins,colliza01,SAS,7000000,2022
P.J. Tucker,tuckepj01,MIA,7000000,2022
Wendell Carter Jr.,cartewe01,ORL,6920027,2022
Juancho Hernangómez,hernaju01,UTA,6907815,2022
Isaac Okoro,okorois01,CLE,6720720,2022
Jalen Suggs,suggsja01,ORL,6593040,2022
Cameron Payne,payneca01,PHO,6500000,2022
Collin Sexton,sextoco01,CLE,6439671,2022
Jarrett Culver,culveja01,MEM,6395160,2022
Khem Birch,birchkh01,TOR,6350000,2022
Onyeka Okongwu,okongon01,ATL,6104280,2022
Justin Holiday,holidju01,SAC,6006420,2022
Josh Giddey,giddejo01,OKC,5988000,2022
Dennis Schröder,schrode01,HOU,5890000,2022
Patty Mills,millspa02,BRK,5890000,2022
Rudy Gay,gayru01,UTA,5890000,2022
Kevin Knox,knoxke01,ATL,5845979,2022
Coby White,whiteco01,CHI,5837760,2022
Killian Hayes,hayeski01,DET,5572680,2022
Mikal Bridges,bridgmi01,PHO,5557725,2022
Shai Gilgeous-Alexander,gilgesh01,OKC,5495532,2022
Jonathan Kuminga,kuminjo01,GSW,5466360,2022
Miles Bridges,bridgmi02,CHO,5421493,2022
Jaxson Hayes,hayesja02,NOP,5348280,2022
Pat Connaughton,connapa01,MIL,5333334,2022
Michael Porter Jr.,portemi01,DEN,5258735,2022
Hamidou Diallo,diallha01,DET,5200000,2022
Kevon Looney,looneke01,GSW,5178572,2022
Troy Brown Jr.,browntr01,CHI,5170564,2022
Obi Toppin,toppiob01,NYK,5105160,2022
Franz Wagner,wagnefr01,ORL,5007840,2022
Josh Jackson,jacksjo02,SAC,5005350,2022
Kris Dunn,dunnkr01,POR,5005350,2022
Kendrick Nunn,nunnke01,WAS,5000000,2022
JaVale McGee,mcgeeja01,PHO,5000000,2022
Robin Lopez,lopezro01,ORL,5000000,2022
Dante Exum,exumda01,DAL,5000000,2022
Lou Williams,willilo02,ATL,5000000,2022
Rui Hachimura,hachiru01,WAS,4916160,2022
Garrett Temple,templga01,NOP,4910000,2022
Cory Joseph,josepco01,DET,4910000,2022
Taj Gibson,gibsota01,NYK,4910000,2022
Torrey Craig,craigto01,PHO,4878049,2022
Bruce Brown,brownbr01,BRK,4736102,2022
Deni Avdija,avdijde01,WAS,4692840,2022
Donte DiVincenzo,divindo01,SAC,4675830,2022
Cam Reddish,reddica01,NYK,4670160,2022
David Nwaba,nwabada01,HOU,4650000,2022
Furkan Korkmaz,korkmfu01,PHI,4629630,2022
Davion Mitchell,mitchda01,SAC,4603320,2022
Ish Smith,smithis01,WAS,4500000,2022
Bryn Forbes,forbebr01,DEN,4500000,2022
Jeff Green,greenje02,DEN,4500000,2022
Jalen Smith,smithja04,IND,4458000,2022
Lonnie Walker IV,walkelo01,SAS,4447896,2022
Cameron Johnson,johnsca02,PHO,4437000,2022
Ziaire Williams,willizi02,MEM,4373040,2022
Bobby Portis,portibo01,MIL,4347600,2022
Maurice Harkless,harklma01,SAC,4347600,2022
Kevin Huerter,huertke01,ATL,4253357,2022
Devin Vassell,vassede01,SAS,4235160,2022
P.J. Washington,washipj01,CHO,4215120,2022
James Bouknight,bouknja01,CHO,4154400,2022
Willie Cauley-Stein,caulewi01,PHI,4100000,2022
Josh Okogie,okogijo01,MIN,4087904,2022
Grayson Allen,allengr01,MIL,4054695,2022
Jarred Vanderbilt,vandeja01,MIN,4050000,2022
Tyrese Haliburton,halibty01,IND,4023600,2022
Chandler Hutchison,hutchch01,PHO,4019459,2022
Tyler Herro,herroty01,MIA,4004280,2022
Gorgui Dieng,dienggo01,ATL,4000000,2022
Terence Davis,daviste02,SAC,4000000,2022
Dorian Finney-Smith,finnedo01,DAL,4000000,2022
George Hill,hillge01,MIL,4000000,2022
Aaron Holiday,holidaa01,PHO,3980551,2022
Joshua Primo,primojo01,SAS,3946800,2022
Jake Layman,laymaja01,MIN,3940185,2022
Anfernee Simons,simonan01,POR,3938818,2022
Justise Winslow,winslju01,POR,3902439,2022
Kira Lewis Jr.,lewiski01,NOP,3822240,2022
Romeo Langford,langfro01,SAS,3804360,2022
Landry Shamet,shamela01,PHO,3768342,2022
Chris Duarte,duartch01,IND,3749400,2022
Alex Len,lenal01,SAC,3732000,2022
Gabriel Deck,deckga01,OKC,3676852,2022
Robert Williams,williro04,BOS,3661976,2022
Aaron Nesmith,nesmiaa01,BOS,3631200,2022
Sekou Doumbouya,doumbse01,LAL,3613680,2022
Moses Moody,moodymo01,GSW,3562200,2022
Boban Marjanović,marjabo01,DAL,3500000,2022
Cole Anthony,anthoco01,ORL,3449400,2022
Corey Kispert,kispeco01,WAS,3383640,2022
Mike Muscala,muscami01,OKC,3365385,2022
Michael Carter-Williams,cartemi01,ORL,3300000,2022
Georges Niang,niangge01,PHI,3300000,2022
Chuma Okeke,okekech01,ORL,3277080,2022
Isaiah Stewart,stewais01,DET,3277080,2022
Nickeil Alexander-Walker,alexani01,UTA,3261480,2022
Alperen Şengün,sengual01,HOU,3214680,2022
Nicolas Batum,batumni01,LAC,3170029,2022
Trey Burke,burketr01,DAL,3150000,2022
Aleksej Pokusevski,pokusal01,OKC,3113160,2022
Goga Bitadze,bitadgo01,IND,3098400,2022
Trey Murphy III,murphtr02,NOP,3053760,2022
Frank Jackson,jacksfr01,DET,3000000,2022
Sterling Brown,brownst02,DAL,3000000,2022
Luka Šamanić,samanlu01,UTA,2959080,2022
Josh Green,greenjo02,DAL,2957520,2022
Tre Mann,manntr01,OKC,2901240,2022
Matisse Thybulle,thybuma01,PHI,2840160,2022
Saddiq Bey,beysa01,DET,2824320,2022
Kai Jones,joneska01,CHO,2770560,2022
Brandon Clarke,clarkbr01,MEM,2726880,2022
Precious Achiuwa,achiupr01,TOR,2711280,2022
Marc Gasol,gasolma01,MEM,2692991,2022
Anthony Tolliver,tollian01,NOP,2692991,2022
Jalen Johnson,johnsja05,ATL,2659580,2022
Grant Williams,willigr01,BOS,2617800,2022
Tyrese Maxey,maxeyty01,PHI,2602920,2022
Keon Johnson,johnske07,POR,2553120,2022
Darius Bazley,bazleda01,OKC,2513040,2022
Trey Lyles,lylestr01,SAC,2500000,2022
Zeke Nnaji,nnajize01,DEN,2498760,2022
Isaiah Jackson,jacksis01,IND,2451240,2022
Ty Jerome,jeromty01,OKC,2412840,2022
Leandro Bolmaro,bolmale01,MIN,2353320,2022
Usman Garuba,garubus01,HOU,2353320,2022
Willy Hernangómez,hernawi01,NOP,2327220,2022
Edmond Sumner,sumneed01,CHO,2320000,2022
Nassir Little,littlna01,POR,2316240,2022
R.J. Hampton,hamptrj01,ORL,2303040,2022
Josh Christopher,chrisjo01,HOU,2259240,2022
Dylan Windler,windldy01,CLE,2239200,2022
Immanuel Quickley,quickim01,NYK,2210640,2022
John Konchar,konchjo01,MEM,2200000,2022
Quentin Grimes,grimequ01,NYK,2168760,2022
Jordan Poole,poolejo01,GSW,2161440,2022
Bol Bol,bolbo01,DEN,2161152,2022
Keldon Johnson,johnske04,SAS,2145720,2022
Payton Pritchard,pritcpa01,BOS,2137440,2022
Jahlil Okafor,okafoja01,IND,2130023,2022
Bones Hyland,hylanbo01,DEN,2096880,2022
Udoka Azubuike,azubuud01,UTA,2075880,2022
Jaden McDaniels,mcdanja02,MIN,2063280,2022
Malachi Flynn,flynnma01,TOR,2048040,2022
Cam Thomas,thomaca02,BRK,2036280,2022
Desmond Bane,banede01,MEM,2033160,2022
Jaden Springer,sprinja01,PHI,2023800,2022
Day'Ron Sharpe,sharpda01,BRK,2009040,2022
Kenrich Williams,willike04,OKC,2000000,2022
Théo Maledon,maledth01,OKC,2000000,2022
Abdel Nader,naderab01,PHO,2000000,2022
Jordan McLaughlin,mclaujo01,MIN,2000000,2022
Jeremiah Robinson-Earl,robinje02,OKC,2000000,2022
Garrison Mathews,mathega01,HOU,2000000,2022
Santi Aldama,aldamsa01,MEM,1994520,2022
Damian Jones,jonesda03,SAC,1977011,2022
Jontay Porter,portejo01,TOR,1950000,2022
Denzel Valentine,valende01,UTA,1939350,2022
PJ Dozier,doziepj01,DEN,1910860,2022
Damion Lee,leeda03,GSW,1910860,2022
Killian Tillie,tilliki02,MEM,1901625,2022
Shake Milton,miltosh01,PHI,1846738,2022
Wes Iwundu,iwundwe01,ATL,1824003,2022
Mitchell Robinson,robinmi01,NYK,1802057,2022
Jalen Brunson,brunsja01,DAL,1802057,2022
Cody Martin,martico01,CHO,1782621,2022
Mychal Mulder,muldemy01,MIA,1782621,2022
Jalen McDaniels,mcdanja01,CHO,1782621,2022
Luguentz Dort,dortlu01,OKC,1782621,2022
KZ Okpala,okpalkz01,MIA,1782621,2022
Miye Oni,onimi01,UTA,1782621,2022
Isaiah Roby,robyis01,OKC,1782621,2022
Nic Claxton,claxtni01,BRK,1782621,2022
Naz Reid,reidna01,MIN,1782621,2022
Eric Paschall,pascher01,UTA,1782621,2022
Caleb Martin,martica02,MIA,1782621,2022
Terance Mann,mannte01,LAC,1782621,2022
Yogi Ferrell,ferreyo01,LAC,1782621,2022
Kevin Porter Jr.,porteke02,HOU,1782621,2022
Alen Smailagić,smailal01,GSW,1782621,2022
Jaylen Nowell,nowelja01,MIN,1782621,2022
Carsen Edwards,edwarca01,DET,1782621,2022
Vlatko Čančar,cancavl01,DEN,1782621,2022
Daniel Gafford,gaffoda01,WAS,1782621,2022
Dean Wade,wadede01,CLE,1782621,2022
Bruno Fernando,fernabr01,HOU,1782621,2022
Yuta Watanabe,watanyu01,TOR,1762796,2022
Drew Eubanks,eubandr01,POR,1762796,2022
Khyri Thomas,thomakh01,HOU,1762796,2022
Chimezie Metu,metuch01,SAC,1762796,2022
Moritz Wagner,wagnemo01,ORL,1729217,2022
Keita Bates-Diop,bateske01,SAS,1729217,2022
Svi Mykhailiuk,mykhasv01,TOR,1729217,2022
Paul Watson,watsopa01,OKC,1701593,2022
Juan Toscano-Anderson,toscaju01,GSW,1701593,2022
Charlie Brown Jr.,brownch02,PHI,1701593,2022
Tyler Cook,cookty01,CHI,1701593,2022
Kelan Martin,martike03,BOS,1701593,2022
Oshae Brissett,brissos01,IND,1701593,2022
Mfiondu Kabengele,kabenmf01,CLE,1701593,2022
Herbert Jones,joneshe01,NOP,1700000,2022
Frank Ntilikina,ntilila01,DAL,1669178,2022
Victor Oladipo,oladivi01,MIA,1669178,2022
Isaac Bonga,bongais01,TOR,1669178,2022
Sam Dekker,dekkesa01,TOR,1669178,2022
Jarrell Brantley,brantja01,UTA,1669178,2022
Otto Porter Jr.,porteot01,GSW,1669178,2022
Hassan Whiteside,whiteha01,UTA,1669178,2022
Malik Monk,monkma01,LAL,1669178,2022
Kent Bazemore,bazemke01,LAL,1669178,2022
Ben McLemore,mclembe01,POR,1669178,2022
Timothé Luwawu-Cabarrot,luwawti01,ATL,1669178,2022
Dewayne Dedmon,dedmode01,MIA,1669178,2022
Paul Millsap,millspa01,PHI,1669178,2022
E'Twaun Moore,mooreet01,ORL,1669178,2022
Isaiah Hartenstein,harteis01,LAC,1669178,2022
Solomon Hill,hillso01,ATL,1669178,2022
LaMarcus Aldridge,aldrila01,BRK,1669178,2022
Austin Rivers,riverau01,DEN,1669178,2022
Thanasis Antetokounmpo,antetth01,MIL,1669178,2022
Udonis Haslem,hasleud01,MIA,1669178,2022
Gabe Vincent,vincega01,MIA,1669178,2022
Avery Bradley,bradlav01,LAL,1669178,2022
Wayne Ellington,ellinwa01,LAL,1669178,2022
Trevor Ariza,arizatr01,LAL,1669178,2022
Dwight Howard,howardw01,LAL,1669178,2022
Carmelo Anthony,anthoca01,LAL,1669178,2022
Semi Ojeleye,ojelese01,LAC,1669178,2022
Rodney Hood,hoodro01,LAC,1669178,2022
James Johnson,johnsja01,BRK,1669178,2022
Frank Kaminsky,kaminfr01,PHO,1669178,2022
Gary Payton II,paytoga02,GSW,1669178,2022
Rodney McGruder,mcgruro01,DET,1669178,2022
Nemanja Bjelica,bjeline01,GSW,1669178,2022
Andre Iguodala,iguodan01,GSW,1669178,2022
Tony Bradley,bradlto01,CHI,1669178,2022
Markieff Morris,morrima02,MIA,1669178,2022
Max Strus,strusma01,MIA,1669178,2022
Raul Neto,netora01,WAS,1669178,2022
Kevin Pangos,pangoke01,CLE,1669178,2022
Ed Davis,davised01,CLE,1669178,2022
Rajon Rondo,rondora01,CLE,1669178,2022
Matt Thomas,thomama02,CHI,1669178,2022
Javonte Green,greenja02,CHI,1669178,2022
Andre Drummond,drumman01,BRK,1669178,2022
Tony Snell,snellto01,NOP,1669178,2022
Jabari Parker,parkeja01,BOS,1669178,2022
Enes Freedom,kanteen01,BOS,1669178,2022
Blake Griffin,griffbl01,BRK,1669178,2022
Nick Richards,richani01,CHO,1517981,2022
Tyrell Terry,terryty01,MEM,1517981,2022
Lamar Stevens,stevela01,CLE,1517981,2022
Jahmi'us Ramsey,ramseja01,SAC,1517981,2022
Daniel Oturu,oturuda01,TOR,1517981,2022
Jordan Nwora,nworajo01,MIL,1517981,2022
Vernon Carey Jr.,careyve01,WAS,1517981,2022
Anthony Gill,gillan01,WAS,1517981,2022
Robert Woodard II,woodaro01,SAC,1517981,2022
Isaiah Joe,joeis01,PHI,1517981,2022
Tre Jones,jonestr01,SAS,1517981,2022
Elijah Hughes,hugheel01,POR,1517981,2022
KJ Martin,martike04,HOU,1517981,2022
Paul Reed,reedpa01,PHI,1517981,2022
Mamadi Diakite,diakima01,OKC,1517981,2022
CJ Elleby,ellebcj01,POR,1517981,2022
Elijah Bryant,bryanel01,MIL,1517981,2022
Deividas Sirvydis,sirvyde01,DET,1517981,2022
Jae'Sean Tate,tateja01,HOU,1517981,2022
Sam Merrill,merrisa01,MEM,1517981,2022
Naji Marshall,marshna01,NOP,1517981,2022
Xavier Tillman Sr.,tillmxa01,MEM,1517981,2022
Isaiah Todd,toddis01,WAS,1500000,2022
Omer Yurtseven,yurtsom01,MIA,1489065,2022
Saben Lee,leesa01,DET,1489065,2022
JT Thor,thorjt01,CHO,1250000,2022
Wesley Matthews,matthwe02,MIL,1237494,2022
Alfonzo McKinnie,mckinal01,CHI,1090007,2022
Isaiah Livers,liveris01,DET,1057260,2022
Tristan Thompson,thomptr01,CHI,1000000,2022
Marquese Chriss,chrisma01,DAL,958529,2022
Duane Washington Jr.,washidu02,IND,950000,2022
Jared Butler,butleja02,UTA,925258,2022
Georgios Kalaitzakis,kalaige01,OKC,925258,2022
Charles Bassey,bassech01,PHI,925258,2022
Dalano Banton,bantoda01,TOR,925258,2022
Miles McBride,mcbrimi01,NYK,925258,2022
Luka Garza,garzalu01,DET,925258,2022
Austin Reaves,reaveau01,LAL,925258,2022
Brandon Boston Jr.,bostobr01,LAC,925258,2022
Jock Landale,landajo01,SAS,925258,2022
Greg Brown III,browngr01,POR,925258,2022
Marko Simonovic,simonma01,CHI,925258,2022
Ayo Dosunmu,dosunay01,CHI,925258,2022
Vit Krejci,krejcvi01,OKC,925258,2022
Stanley Johnson,johnsst04,LAL,888616,2022
Bismack Biyombo,biyombi01,PHO,863368,2022
Lance Stephenson,stephla01,IND,642729,2022
Daishen Nix,nixda01,HOU,612000,2022
Terry Taylor,taylote01,IND,600000,2022
Danuel House Jr.,houseda01,UTA,565986,2022
Luke Kornet,kornelu01,BOS,565986,2022
Keifer Sykes,sykeske01,IND,558345,2022
Ryan Arcidiacono,arcidry01,NYK,546800,2022
DeAndre' Bembry,bembrde01,MIL,518021,2022
Goran Dragić,dragigo01,BRK,460463,2022
Jevon Carter,carteje01,MIL,441277,2022
Trendon Watford,watfotr01,POR,436482,2022
Nik Stauskas,stausni01,BOS,432536,2022
DeMarcus Cousins,couside01,DEN,431684,2022
D.J. Augustin,augusdj01,LAL,393312,2022
DeAndre Jordan,jordade01,PHI,374126,2022
Devontae Cacok,cacokde01,SAS,364353,2022
Sam Hauser,hausesa01,BOS,313737,2022
Haywood Highsmith,highsha01,MIA,290967,2022
Malik Fitts,fittsma01,BOS,231062,2022
Joe Wieskamp,wieskjo01,SAS,202068,2022
Isaiah Thomas,thomais02,CHO,191860,2022
Amir Coffey,coffeam01,LAC,153488,2022
Jose Alvarado,alvarjo01,NOP,150000,2022
Armoni Brooks,brookar01,TOR,136926,2022
Devin Cannady,cannade01,ORL,100000,2022
Rayjon Tucker,tuckera01,MIL,28779,2022
Juwan Morgan,morgaju01,TOR,19816,2022
Moses Brown,brownmo01,CLE,19186,2022
Xavier Sneed,sneedxa01,UTA,8558,2022
Kessler Edwards,edwarke02,BRK,5318,2022
Ish Wainright,wainris01,PHO,5318,2022
Stephen Curry,curryst01,GSW,48070014,2023
LeBron James,jamesle01,LAL,44474988,2023
Kevin Durant,duranke01,PHO,44119845,2023
Bradley Beal,bealbr01,WAS,43279250,2023
Giannis Antetokounmpo,antetgi01,MIL,42492492,2023
Damian Lillard,lillada01,POR,42492492,2023
Kawhi Leonard,leonaka01,LAC,42492492,2023
Paul George,georgpa01,LAC,42492492,2023
Klay Thompson,thompkl01,GSW,40600080,2023
Kyrie Irving,irvinky01,DAL,38917057,2023
Rudy Gobert,goberru01,MIN,38172414,2023
Anthony Davis,davisan02,LAL,37980720,2023
Khris Middleton,middlkh01,MIL,37948276,2023
Jimmy Butler,butleji01,MIA,37653300,2023
Tobias Harris,harrito02,PHI,37633050,2023
Zach LaVine,lavinza01,CHI,37096500,2023
Luka Dončić,doncilu01,DAL,37095000,2023
Trae Young,youngtr01,ATL,37095000,2023
Ben Simmons,simmobe01,BRK,35448672,2023
Pascal Siakam,siakapa01,TOR,35448672,2023
Myles Turner,turnemy01,IND,35096500,2023
Devin Booker,bookede01,PHO,33833400,2023
Karl-Anthony Towns,townska01,MIN,33833400,2023
Kristaps Porziņģis,porzikr01,WAS,33833400,2023
Jrue Holiday,holidjr01,MIL,33665040,2023
Joel Embiid,embiijo01,PHI,33616770,2023
Andrew Wiggins,wiggian01,GSW,33616770,2023
CJ McCollum,mccolcj01,NOP,33333333,2023
Nikola Jokić,jokicni01,DEN,33047804,2023
James Harden,hardeja01,PHI,33000000,2023
Brandon Ingram,ingrabr01,NOP,31650600,2023
Jamal Murray,murraja01,DEN,31650000,2023
D'Angelo Russell,russeda01,LAL,31377750,2023
Shai Gilgeous-Alexander,gilgesh01,OKC,30913750,2023
Deandre Ayton,aytonde01,PHO,30913750,2023
Michael Porter Jr.,portemi01,DEN,30913750,2023
Donovan Mitchell,mitchdo01,CLE,30913750,2023
Bam Adebayo,adebaba01,MIA,30351780,2023
Gordon Hayward,haywago01,CHO,30075000,2023
Jaren Jackson Jr.,jacksja02,MEM,28946605,2023
Jaylen Brown,brownja02,BOS,28741071,2023
Chris Paul,paulch01,PHO,28400000,2023
Kyle Lowry,lowryky01,MIA,28333334,2023
De'Aaron Fox,foxde01,SAC,28103550,2023
Jayson Tatum,tatumja01,BOS,28103500,2023
Jalen Brunson,brunsja01,NYK,27733332,2023
DeMar DeRozan,derozde01,CHI,27300000,2023
Al Horford,horfoal01,BOS,26500000,2023
Draymond Green,greendr01,GSW,25806468,2023
Julius Randle,randlju01,NYK,23760000,2023
John Collins,collijo01,ATL,23500000,2023
Buddy Hield,hieldbu01,IND,22768890,2023
Mike Conley,conlemi01,MIN,22680000,2023
Malcolm Brogdon,brogdma01,BOS,22600000,2023
Anfernee Simons,simonan01,POR,22321429,2023
Nikola Vučević,vucevni01,CHI,22000000,2023
Terry Rozier,roziete01,CHO,21486283,2023
Fred VanVleet,vanvlfr01,TOR,21250000,2023
Jerami Grant,grantje01,POR,20955000,2023
Mikal Bridges,bridgmi01,BRK,20100000,2023
Jarrett Allen,allenja01,CLE,20000000,2023
Aaron Gordon,gordoaa01,DEN,19690909,2023
Tim Hardaway Jr.,hardati02,DAL,19602273,2023
Bojan Bogdanović,bogdabo02,DET,19550000,2023
Lonzo Ball,balllo01,CLE,19534884,2023
Spencer Dinwiddie,dinwisp01,BRK,19500000,2023
Eric Bledsoe,bledser01,POR,19375000,2023
Caris LeVert,leverca01,CLE,18796296,2023
Clint Capela,capelca01,ATL,18706896,2023
Joe Harris,harrijo01,BRK,18642857,2023
Domantas Sabonis,sabondo01,SAC,18500000,2023
Harrison Barnes,barneha02,SAC,18352273,2023
Evan Fournier,fournev01,NYK,18000000,2023
Bogdan Bogdanović,bogdabo01,ATL,18000000,2023
Steven Adams,adamsst01,MEM,17926829,2023
Gary Trent Jr.,trentga02,TOR,17505000,2023
OG Anunoby,anunoog01,TOR,17357143,2023
Marcus Smart,smartma01,BOS,17207141,2023
Mitchell Robinson,robinmi01,NYK,17045454,2023
Duncan Robinson,robindu01,MIA,16902000,2023
Derrick White,whitede01,BOS,16892857,2023
Norman Powell,powelno01,LAC,16758621,2023
Dejounte Murray,murrade01,ATL,16571120,2023
Collin Sexton,sextoco01,UTA,16500000,2023
Markelle Fultz,fultzma01,ORL,16500000,2023
Lauri Markkanen,markkla01,UTA,16475454,2023
Marcus Morris,morrima03,LAC,16372093,2023
Dāvis Bertāns,bertada01,DAL,16000000,2023
Jusuf Nurkić,nurkiju01,POR,15625000,2023
Malik Beasley,beaslma01,LAL,15558035,2023
Luguentz Dort,dortlu01,OKC,15277778,2023
Jonas Valančiūnas,valanjo01,NOP,14700000,2023
Kevin Huerter,huertke01,SAC,14508929,2023
Luke Kennard,kennalu01,MEM,14415545,2023
Christian Wood,woodch01,DAL,14317460,2023
Wendell Carter Jr.,cartewe01,ORL,14150000,2023
Kentavious Caldwell-Pope,caldwke01,DEN,14004703,2023
Brook Lopez,lopezbr01,MIL,13906976,2023
Doug McDermott,mcderdo01,SAS,13750000,2023
Zion Williamson,willizi01,NOP,13534817,2023
Jordan Clarkson,clarkjo01,UTA,13340000,2023
Kyle Kuzma,kuzmaky01,WAS,13000000,2023
Gary Harris,harriga01,ORL,13000000,2023
Josh Hart,hartjo01,NYK,12960000,2023
Dorian Finney-Smith,finnedo01,BRK,12939648,2023
Chris Boucher,bouchch01,TOR,12690000,2023
Kelly Oubre Jr.,oubreke01,CHO,12600000,2023
Marvin Bagley III,baglema01,DET,12500000,2023
Robert Covington,covinro01,LAC,12307692,2023
Kelly Olynyk,olynyke01,UTA,12195122,2023
Josh Richardson,richajo01,NOP,11615328,2023
Devonte' Graham,grahade01,SAS,11550000,2023
Dillon Brooks,brookdi01,MEM,11400000,2023
Richaun Holmes,holmeri01,SAC,11215260,2023
Dwight Powell,poweldw01,DAL,11080125,2023
Robert Williams,williro04,BOS,10937502,2023
RJ Barrett,barrerj01,NYK,10900635,2023
Nicolas Batum,batumni01,LAC,10843350,2023
Bobby Portis,portibo01,MIL,10843350,2023
Anthony Edwards,edwaran01,MIN,10733400,2023
Cade Cunningham,cunnica01,DET,10552800,2023
P.J. Tucker,tuckepj01,PHI,10490000,2023
Mo Bamba,bambamo01,LAL,10300000,2023
Talen Horton-Tucker,hortota01,UTA,10260000,2023
Derrick Favors,favorde01,CHI,10183800,2023
Jae Crowder,crowdja01,MIL,10183000,2023
Ivica Zubac,zubaciv01,LAC,10123457,2023
Alec Burks,burksal01,DET,10012800,2023
Reggie Bullock,bullore01,DAL,10012800,2023
De'Andre Hunter,huntede01,ATL,9835881,2023
Larry Nance Jr.,nancela02,NOP,9672727,2023
Ja Morant,moranja01,MEM,9603360,2023
James Wiseman,wisemja01,DET,9603360,2023
Landry Shamet,shamela01,PHO,9500000,2023
Malik Monk,monkma01,SAC,9472219,2023
Jalen Green,greenja05,HOU,9441840,2023
Jakob Poeltl,poeltja01,TOR,9398148,2023
Nerlens Noel,noelne01,BRK,9240000,2023
Dario Šarić,saricda01,OKC,9240000,2023
Royce O'Neale,onealro01,BRK,9200000,2023
Monte Morris,morrimo01,WAS,9125000,2023
Mason Plumlee,plumlma01,LAC,9080417,2023
Alex Caruso,carusal01,CHI,9030000,2023
Maxi Kleber,klebima01,DAL,9000000,2023
Darius Garland,garlada01,CLE,8920795,2023
Kyle Anderson,anderky01,MIN,8780488,2023
Victor Oladipo,oladivi01,MIA,8750000,2023
Daniel Theis,theisda01,IND,8694369,2023
LaMelo Ball,ballla01,CHO,8623920,2023
Grayson Allen,allengr01,MIL,8500000,2023
Nic Claxton,claxtni01,BRK,8500000,2023
Seth Curry,curryse01,BRK,8496500,2023
Evan Mobley,mobleev01,CLE,8478720,2023
Gary Payton II,paytoga02,GSW,8300000,2023
De'Anthony Melton,meltode01,PHI,8250000,2023
T.J. McConnell,mccontj01,IND,8100000,2023
Thaddeus Young,youngth01,TOR,8000000,2023
Taurean Prince,princta02,MIN,8000000,2023
Kevon Looney,looneke01,GSW,8000000,2023
Isaiah Hartenstein,harteis01,NYK,7804879,2023
Delon Wright,wrighde01,WAS,7804878,2023
Patrick Williams,willipa01,CHI,7775400,2023
Scottie Barnes,barnesc01,TOR,7644720,2023
Cedi Osman,osmande01,CLE,7426088,2023
Coby White,whiteco01,CHI,7413955,2023
Aron Baynes,baynear01,TOR,7350000,2023
Zach Collins,colliza01,SAS,7350000,2023
Jae'Sean Tate,tateja01,HOU,7065217,2023
Isaac Okoro,okorois01,CLE,7040880,2023
Cody Martin,martico01,CHO,7000000,2023
Jalen Suggs,suggsja01,ORL,6922320,2023
Jaxson Hayes,hayesja02,NOP,6803012,2023
Khem Birch,birchkh01,TOR,6667500,2023
Bruce Brown,brownbr01,DEN,6479000,2023
Joe Ingles,inglejo01,MIL,6479000,2023
Lonnie Walker IV,walkelo01,LAL,6479000,2023
Danilo Gallinari,gallida01,MIL,6479000,2023
Caleb Martin,martica02,MIA,6479000,2023
Patty Mills,millspa02,BRK,6479000,2023
John Wall,walljo01,LAC,6479000,2023
Onyeka Okongwu,okongon01,ATL,6395160,2023
Jarrett Culver,culveja01,ATL,6395160,2023
Josh Giddey,giddejo01,OKC,6287280,2023
Rui Hachimura,hachiru01,LAL,6263188,2023
Rudy Gay,gayru01,UTA,6184500,2023
Otto Porter Jr.,porteot01,TOR,6000000,2023
Cameron Payne,payneca01,PHO,6000000,2023
Cam Reddish,reddica01,POR,5954454,2023
Cameron Johnson,johnsca02,BRK,5887899,2023
Ricky Rubio,rubiori01,CLE,5853659,2023
Kevin Knox,knoxke01,POR,5845979,2023
P.J. Washington,washipj01,CHO,5808435,2023
Jonathan Kuminga,kuminjo01,GSW,5739860,2023
Pat Connaughton,connapa01,MIL,5728393,2023
Tyler Herro,herroty01,MIA,5722116,2023
Romeo Langford,langfro01,SAS,5634257,2023
Killian Hayes,hayeski01,DET,5572680,2023
JaVale McGee,mcgeeja01,DAL,5461219,2023
Obi Toppin,toppiob01,NYK,5348280,2023
Franz Wagner,wagnefr01,ORL,5258280,2023
Kendrick Nunn,nunnke01,WAS,5250000,2023
Hamidou Diallo,diallha01,DET,5200000,2023
Cory Joseph,josepco01,DET,5155500,2023
Torrey Craig,craigto01,PHO,5121951,2023
David Nwaba,nwabada01,OKC,5022000,2023
Nickeil Alexander-Walker,alexani01,MIN,5009633,2023
Furkan Korkmaz,korkmfu01,PHI,5000000,2023
Dante Exum,exumda01,DAL,5000000,2023
Lou Williams,willilo02,ATL,5000000,2023
Deni Avdija,avdijde01,WAS,4916160,2023
Garrett Temple,templga01,NOP,4910000,2023
Davion Mitchell,mitchda01,SAC,4833600,2023
Ish Smith,smithis01,DEN,4750000,2023
Jalen Smith,smithja04,IND,4670160,2023
Ziaire Williams,willizi02,MEM,4591680,2023
Maurice Harkless,harklma01,HOU,4564980,2023
Donte DiVincenzo,divindo01,GSW,4500000,2023
Jeff Green,greenje02,DEN,4500000,2023
Devin Vassell,vassede01,SAS,4437000,2023
Matisse Thybulle,thybuma01,POR,4379527,2023
Jarred Vanderbilt,vandeja01,LAL,4374000,2023
James Bouknight,bouknja01,CHO,4362240,2023
Brandon Clarke,clarkbr01,MEM,4343920,2023
Grant Williams,willigr01,BOS,4306281,2023
Darius Bazley,bazleda01,PHO,4264629,2023
Tyrese Haliburton,halibty01,IND,4215120,2023
Nassir Little,littlna01,POR,4171548,2023
Joshua Primo,primojo01,SAS,4144320,2023
Danuel House Jr.,houseda01,PHI,4105000,2023
Justise Winslow,winslju01,POR,4097561,2023
Dylan Windler,windldy01,CLE,4037278,2023
Chandler Hutchison,hutchch01,PHO,4019459,2023
Kira Lewis Jr.,lewiski01,NOP,4004280,2023
Terence Davis,daviste02,SAC,4000000,2023
George Hill,hillge01,IND,4000000,2023
Chris Duarte,duartch01,IND,3936960,2023
Alex Len,lenal01,SAC,3918000,2023
Jordan Poole,poolejo01,GSW,3901399,2023
Keldon Johnson,johnske04,SAS,3873025,2023
Aaron Nesmith,nesmiaa01,IND,3804360,2023
Gabriel Deck,deckga01,OKC,3676852,2023
Cole Anthony,anthoco01,ORL,3613680,2023
Sekou Doumbouya,doumbse01,LAL,3613680,2023
Moses Moody,moodymo01,GSW,3562200,2023
Corey Kispert,kispeco01,WAS,3552960,2023
Mike Muscala,muscami01,BOS,3500000,2023
Georges Niang,niangge01,PHI,3465000,2023
Chuma Okeke,okekech01,ORL,3433320,2023
Isaiah Stewart,stewais01,DET,3433320,2023
Amir Coffey,coffeam01,LAC,3395062,2023
Alperen Şengün,sengual01,HOU,3375480,2023
Aleksej Pokusevski,pokusal01,OKC,3261480,2023
Trey Burke,burketr01,OKC,3243750,2023
Kevin Porter Jr.,porteke02,HOU,3217631,2023
Trey Murphy III,murphtr02,NOP,3206640,2023
Derrick Jones Jr.,jonesde02,CHI,3200000,2023
Andre Drummond,drumman01,CHI,3200000,2023
Kevin Love,loveke01,MIA,3114138,2023
Josh Green,greenjo02,DAL,3098400,2023
Tre Mann,manntr01,OKC,3046200,2023
Jordan Nwora,nworajo01,IND,3000000,2023
Sterling Brown,brownst02,LAL,3000000,2023
Luka Šamanić,samanlu01,UTA,2959080,2023
Saddiq Bey,beysa01,ATL,2959080,2023
Kai Jones,joneska01,CHO,2909040,2023
Precious Achiuwa,achiupr01,TOR,2840160,2023
Jalen Johnson,johnsja05,ATL,2792640,2023
Tyrese Maxey,maxeyty01,PHI,2726880,2023
Bruno Fernando,fernabr01,ATL,2717391,2023
Trey Lyles,lylestr01,SAC,2700000,2023
Marc Gasol,gasolma01,MEM,2692991,2023
Anthony Tolliver,tollian01,NOP,2692991,2023
Keon Johnson,johnske07,POR,2681040,2023
Charles Bassey,bassech01,SAS,2600000,2023
Isaiah Jackson,jacksis01,IND,2573760,2023
Zeke Nnaji,nnajize01,DEN,2498760,2023
Usman Garuba,garubus01,HOU,2471160,2023
Montrezl Harrell,harremo01,PHI,2463490,2023
Willy Hernangómez,hernawi01,NOP,2443581,2023
Josh Christopher,chrisjo01,HOU,2372160,2023
Leandro Bolmaro,bolmale01,UTA,2353320,2023
Immanuel Quickley,quickim01,NYK,2316240,2023
John Konchar,konchjo01,MEM,2300000,2023
Damian Jones,jonesda03,UTA,2298385,2023
Quentin Grimes,grimequ01,NYK,2277000,2023
Payton Pritchard,pritcpa01,BOS,2239200,2023
Vlatko Čančar,cancavl01,DEN,2234359,2023
Bones Hyland,hylanbo01,LAC,2201520,2023
Bol Bol,bolbo01,ORL,2200000,2023
Marquese Chriss,chrisma01,OKC,2193920,2023
Nik Stauskas,stausni01,IND,2193920,2023
Udoka Azubuike,azubuud01,UTA,2174880,2023
Jaden McDaniels,mcdanja02,MIN,2161440,2023
Jordan McLaughlin,mclaujo01,MIN,2160000,2023
Malachi Flynn,flynnma01,TOR,2145720,2023
Cam Thomas,thomaca02,BRK,2138160,2023
Luke Kornet,kornelu01,BOS,2133278,2023
Desmond Bane,banede01,MEM,2130240,2023
Jahlil Okafor,okafoja01,IND,2130023,2023
Jaden Springer,sprinja01,PHI,2125200,2023
Day'Ron Sharpe,sharpda01,BRK,2109480,2023
Jevon Carter,carteje01,MIL,2100000,2023
Santi Aldama,aldamsa01,MEM,2094240,2023
Frank Ntilikina,ntilila01,DAL,2036318,2023
Tony Bradley,bradlto01,CHI,2036318,2023
Kenrich Williams,willike04,OKC,2000000,2023
Danny Green,greenda02,CLE,2000000,2023
Jeremiah Robinson-Earl,robinje02,OKC,2000000,2023
Garrison Mathews,mathega01,ATL,2000000,2023
Shake Milton,miltosh01,PHI,1977718,2023
Edmond Sumner,sumneed01,BRK,1968175,2023
Jontay Porter,portejo01,TOR,1950000,2023
Denzel Valentine,valende01,BOS,1939350,2023
Jalen McDaniels,mcdanja01,PHI,1930681,2023
Naz Reid,reidna01,MIN,1930681,2023
Terance Mann,mannte01,LAC,1930681,2023
Jaylen Nowell,nowelja01,MIN,1930681,2023
Daniel Gafford,gaffoda01,WAS,1930681,2023
Dean Wade,wadede01,CLE,1930681,2023
Lindy Waters III,waterli01,OKC,1927896,2023
Chimezie Metu,metuch01,SAC,1910680,2023
Davon Reed,reedda01,LAL,1902133,2023
Killian Tillie,tilliki02,MEM,1901625,2023
Xavier Tillman Sr.,tillmxa01,MEM,1901625,2023
Théo Maledon,maledth01,CHO,1900000,2023
Wenyen Gabriel,gabriwe01,LAL,1878720,2023
Moritz Wagner,wagnemo01,ORL,1878720,2023
Keita Bates-Diop,bateske01,SAS,1878720,2023
Thanasis Antetokounmpo,antetth01,MIL,1878720,2023
Oshae Brissett,brissos01,IND,1846738,2023
Juancho Hernangómez,hernaju01,TOR,1836090,2023
Anthony Gill,gillan01,WAS,1836090,2023
Isaiah Joe,joeis01,OKC,1836090,2023
Bismack Biyombo,biyombi01,PHO,1836090,2023
Juan Toscano-Anderson,toscaju01,UTA,1836090,2023
Matthew Dellavedova,dellama01,SAC,1836090,2023
Robin Lopez,lopezro01,CLE,1836090,2023
Josh Okogie,okogijo01,PHO,1836090,2023
Drew Eubanks,eubandr01,POR,1836090,2023
Damion Lee,leeda03,PHO,1836090,2023
Dennis Smith Jr.,smithde03,CHO,1836090,2023
Dennis Schröder,schrode01,LAL,1836090,2023
Justin Jackson,jacksju01,BOS,1836090,2023
Bryn Forbes,forbebr01,MIN,1836090,2023
T.J. Warren,warretj01,PHO,1836090,2023
Austin Rivers,riverau01,MIN,1836090,2023
Thomas Bryant,bryanth01,DEN,1836090,2023
Udonis Haslem,hasleud01,MIA,1836090,2023
Aaron Holiday,holidaa01,ATL,1836090,2023
Frank Kaminsky,kaminfr01,HOU,1836090,2023
Rodney McGruder,mcgruro01,DET,1836090,2023
JaMychal Green,greenja01,GSW,1836090,2023
Andre Iguodala,iguodan01,GSW,1836090,2023
Troy Brown Jr.,browntr01,LAL,1836090,2023
Ryan Arcidiacono,arcidry01,POR,1836090,2023
Taj Gibson,gibsota01,WAS,1836090,2023
DeAndre Jordan,jordade01,DEN,1836090,2023
Theo Pinson,pinsoth01,DAL,1836090,2023
Markieff Morris,morrima02,DAL,1836090,2023
Raul Neto,netora01,CLE,1836090,2023
Matt Ryan,ryanma01,MIN,1836090,2023
Nathan Knight,knighna01,MIN,1836090,2023
Svi Mykhailiuk,mykhasv01,CHO,1836090,2023
Noah Vonleh,vonleno01,BOS,1836090,2023
Blake Griffin,griffbl01,BOS,1836090,2023
Wesley Matthews,matthwe02,MIL,1836090,2023
Gabe Vincent,vincega01,MIA,1815677,2023
Max Strus,strusma01,MIA,1815677,2023
Javonte Green,greenja02,CHI,1815677,2023
Juwan Morgan,morgaju01,LAC,1815518,2023
Herbert Jones,joneshe01,NOP,1785000,2023
Nick Richards,richani01,CHO,1782621,2023
Lamar Stevens,stevela01,CLE,1782621,2023
Vernon Carey Jr.,careyve01,WAS,1782621,2023
Tre Jones,jonestr01,SAS,1782621,2023
KZ Okpala,okpalkz01,SAC,1782621,2023
KJ Martin,martike04,HOU,1782621,2023
Paul Reed,reedpa01,PHI,1782621,2023
Miye Oni,onimi01,MEM,1782621,2023
Yogi Ferrell,ferreyo01,LAC,1782621,2023
Alen Smailagić,smailal01,GSW,1782621,2023
Naji Marshall,marshna01,NOP,1782621,2023
Yuta Watanabe,watanyu01,BRK,1762796,2023
Khyri Thomas,thomakh01,HOU,1762796,2023
Omer Yurtseven,yurtsom01,MIA,1752638,2023
Saben Lee,leesa01,PHI,1752638,2023
Devin Cannady,cannade01,ORL,1752638,2023
Rayjon Tucker,tuckera01,MIL,1752638,2023
Haywood Highsmith,highsha01,MIA,1752638,2023
Malik Fitts,fittsma01,LAC,1752638,2023
Paul Watson,watsopa01,OKC,1701593,2023
Charlie Brown Jr.,brownch02,MEM,1701593,2023
Kelan Martin,martike03,NOP,1701593,2023
Mfiondu Kabengele,kabenmf01,BOS,1701593,2023
Sam Dekker,dekkesa01,TOR,1669178,2023
Jarrell Brantley,brantja01,UTA,1669178,2023
E'Twaun Moore,mooreet01,ORL,1669178,2023
Solomon Hill,hillso01,NYK,1669178,2023
Trevor Ariza,arizatr01,LAL,1669178,2023
Semi Ojeleye,ojelese01,LAC,1669178,2023
Kevin Pangos,pangoke01,CLE,1669178,2023
Jabari Parker,parkeja01,BOS,1669178,2023
Enes Freedom,kanteen01,HOU,1669178,2023
Jericho Sims,simsje01,NYK,1639842,2023
Kessler Edwards,edwarke02,SAC,1637966,2023
Trevelin Queen,queentr01,IND,1637966,2023
Isaiah Todd,toddis01,WAS,1575000,2023
JT Thor,thorjt01,CHO,1563518,2023
Jared Butler,butleja02,OKC,1563518,2023
Isaiah Livers,liveris01,DET,1563518,2023
Aaron Wiggins,wiggiaa01,OKC,1563518,2023
Miles McBride,mcbrimi01,NYK,1563518,2023
Duane Washington Jr.,washidu02,PHO,1563518,2023
Trendon Watford,watfotr01,POR,1563518,2023
Daishen Nix,nixda01,HOU,1563518,2023
Austin Reaves,reaveau01,LAL,1563518,2023
Brandon Boston Jr.,bostobr01,LAC,1563518,2023
Jock Landale,landajo01,PHO,1563518,2023
Greg Brown III,browngr01,POR,1563518,2023
Marko Simonovic,simonma01,CHI,1563518,2023
Ayo Dosunmu,dosunay01,CHI,1563518,2023
Terry Taylor,taylote01,CHI,1563518,2023
Jose Alvarado,alvarjo01,NOP,1563518,2023
Sam Hauser,hausesa01,BOS,1563518,2023
Vit Krejci,krejcvi01,ATL,1563518,2023
Dalano Banton,bantoda01,TOR,1563318,2023
Jahmi'us Ramsey,ramseja01,TOR,1517981,2023
Daniel Oturu,oturuda01,TOR,1517981,2023
Mamadi Diakite,diakima01,CLE,1517981,2023
Elijah Bryant,bryanel01,MIL,1517981,2023
Deividas Sirvydis,sirvyde01,IND,1517981,2023
Tyus Jones,jonesty01,MEM,1500000,2023
Alize Johnson,johnsal02,SAS,1392896,2023
Kemba Walker,walkeke02,DAL,1392896,2023
Stanley Johnson,johnsst04,SAS,1245164,2023
Alfonzo McKinnie,mckinal01,CHI,1090007,2023
Luka Garza,garzalu01,MIN,925258,2023
Jordan Goodwin,goodwjo01,WAS,900000,2023
Sam Merrill,merrisa01,CLE,850000,2023
Kris Dunn,dunnkr01,UTA,735819,2023
Michael Carter-Williams,cartemi01,ORL,652829,2023
Gorgui Dieng,dienggo01,SAS,622582,2023
Goga Bitadze,bitadgo01,ORL,612181,2023
Boban Marjanović,marjabo01,HOU,601478,2023
James Johnson,johnsja01,IND,590926,2023
Terrence Ross,rosste01,PHO,580373,2023
Dewayne Dedmon,dedmode01,PHI,580373,2023
Reggie Jackson,jacksre01,DEN,580373,2023
Justin Holiday,holidju01,DAL,569821,2023
Keifer Sykes,sykeske01,IND,558345,2023
Eugene Omoruyi,omorueu01,DET,555402,2023
Joe Wieskamp,wieskjo01,TOR,554989,2023
PJ Dozier,doziepj01,SAC,539450,2023
DeAndre' Bembry,bembrde01,MIL,518021,2023
Cody Zeller,zelleco01,MIA,517060,2023
Admiral Schofield,schofad01,ORL,516508,2023
Russell Westbrook,westbru01,LAC,495955,2023
R.J. Hampton,hamptrj01,DET,485403,2023
Ish Wainright,wainris01,PHO,474851,2023
Will Barton,bartowi01,TOR,432642,2023
Isaiah Roby,robyis01,SAS,400000,2023
Goran Dragić,dragigo01,MIL,390433,2023
Sandro Mamukelashvili,mamuksa01,SAS,357717,2023
Patrick Beverley,beverpa01,CHI,357717,2023
Carlik Jones,jonesca03,CHI,357717,2023
DaQuan Jeffries,jeffrda01,CHO,300000,2023
Meyers Leonard,leoname01,MIL,284911,2023
D.J. Augustin,augusdj01,HOU,189940,2023
Justin Champagnie,champju01,BOS,28241,2023
David Duke Jr.,dukeda01,BRK,28241,2023
Moses Brown,brownmo01,BRK,19186,2023
Shaquille Harrison,harrish01,POR,12260,2023
Willie Cauley-Stein,caulewi01,HOU,10552,2023
Tristan Thompson,thomptr01,CLE,10552,2023
Xavier Sneed,sneedxa01,CHO,8558,2023
Stephen Curry,curryst01,GSW,51915615,2024
Kevin Durant,duranke01,PHO,47649433,2024
LeBron James,jamesle01,LAL,47607350,2024
Nikola Jokić,jokicni01,DEN,47607350,2024
Joel Embiid,embiijo01,PHI,46900000,2024
Bradley Beal,bealbr01,PHO,46741590,2024
Giannis Antetokounmpo,antetgi01,MIL,45640084,2024
Damian Lillard,lillada01,MIL,45640084,2024
Kawhi Leonard,leonaka01,LAC,45640084,2024
Paul George,georgpa01,LAC,45640084,2024
Jimmy Butler,butleji01,MIA,45183960,2024
Klay Thompson,thompkl01,GSW,43219440,2024
Rudy Gobert,goberru01,MIN,41000000,2024
Fred VanVleet,vanvlfr01,HOU,40806300,2024
Anthony Davis,davisan02,LAL,40600080,2024
Luka Dončić,doncilu01,DAL,40064220,2024
Zach LaVine,lavinza01,CHI,40064220,2024
Trae Young,youngtr01,ATL,40064220,2024
Tobias Harris,harrito02,PHI,39270150,2024
Ben Simmons,simmobe01,BRK,37893408,2024
Pascal Siakam,siakapa01,IND,37893408,2024
Kyrie Irving,irvinky01,DAL,37037037,2024
Jrue Holiday,holidjr01,BOS,36861707,2024
Devin Booker,bookede01,PHO,36016200,2024
Karl-Anthony Towns,townska01,MIN,36016200,2024
Kristaps Porziņģis,porzikr01,BOS,36016200,2024
CJ McCollum,mccolcj01,NOP,35802469,2024
James Harden,hardeja01,LAC,35640000,2024
Ja Morant,moranja01,MEM,34005250,2024
Darius Garland,garlada01,CLE,34005250,2024
Zion Williamson,willizi01,NOP,34005250,2024
Jamal Murray,murraja01,DEN,33833400,2024
Brandon Ingram,ingrabr01,NOP,33833400,2024
Shai Gilgeous-Alexander,gilgesh01,OKC,33386850,2024
Michael Porter Jr.,portemi01,DEN,33386850,2024
Donovan Mitchell,mitchdo01,CLE,33162030,2024
De'Aaron Fox,foxde01,SAC,32600060,2024
Bam Adebayo,adebaba01,MIA,32600060,2024
Jayson Tatum,tatumja01,BOS,32600060,2024
Deandre Ayton,aytonde01,POR,32459438,2024
Jaylen Brown,brownja02,BOS,31830357,2024
Gordon Hayward,haywago01,OKC,31500000,2024
Chris Paul,paulch01,GSW,30800000,2024
Domantas Sabonis,sabondo01,SAC,30600000,2024
Khris Middleton,middlkh01,MIL,29320988,2024
DeMar DeRozan,derozde01,CHI,28600000,2024
Julius Randle,randlju01,NYK,28226880,2024
Jordan Poole,poolejo01,WAS,27955357,2024
Jerami Grant,grantje01,POR,27586207,2024
Jaren Jackson Jr.,jacksja02,MEM,27102202,2024
Tyler Herro,herroty01,MIA,27000000,2024
Jalen Brunson,brunsja01,NYK,26346666,2024
Cameron Johnson,johnsca02,BRK,25679348,2024
Kyle Kuzma,kuzmaky01,WAS,25568182,2024
John Collins,collijo01,UTA,25340000,2024
Brook Lopez,lopezbr01,MIL,25000000,2024
Mike Conley,conlemi01,MIN,24360000,2024
Andrew Wiggins,wiggian01,GSW,24330357,2024
Anfernee Simons,simonan01,POR,24107143,2024
RJ Barrett,barrerj01,TOR,23883929,2024
Jordan Clarkson,clarkjo01,UTA,23487629,2024
Dillon Brooks,brookdi01,HOU,22627671,2024
Malcolm Brogdon,brogdma01,POR,22500000,2024
Draymond Green,greendr01,GSW,22321429,2024
Aaron Gordon,gordoaa01,DEN,22266182,2024
Terry Rozier,roziete01,MIA,22205221,2024
Bruce Brown,brownbr01,TOR,22000000,2024
Mikal Bridges,bridgmi01,BRK,21700000,2024
Myles Turner,turnemy01,IND,20975000,2024
Clint Capela,capelca01,ATL,20616000,2024
Lonzo Ball,balllo01,CLE,20465117,2024
De'Andre Hunter,huntede01,ATL,20089286,2024
Keldon Johnson,johnske04,SAS,20000000,2024
Bojan Bogdanović,bogdabo02,NYK,20000000,2024
Jarrett Allen,allenja01,CLE,20000000,2024
Joe Harris,harrijo01,DET,19928571,2024
Jakob Poeltl,poeltja01,TOR,19500000,2024
Buddy Hield,hieldbu01,PHI,19279841,2024
Evan Fournier,fournev01,DET,18857143,2024
Marcus Smart,smartma01,MEM,18833712,2024
Bogdan Bogdanović,bogdabo01,ATL,18700000,2024
OG Anunoby,anunoog01,NYK,18642857,2024
Gary Trent Jr.,trentga02,TOR,18560000,2024
Nikola Vučević,vucevni01,CHI,18518519,2024
Derrick White,whitede01,BOS,18357143,2024
Dejounte Murray,murrade01,ATL,18214000,2024
Duncan Robinson,robindu01,MIA,18154000,2024
Norman Powell,powelno01,LAC,18000000,2024
Tim Hardaway Jr.,hardati02,DAL,17897728,2024
Collin Sexton,sextoco01,UTA,17325000,2024
D'Angelo Russell,russeda01,LAL,17307693,2024
Lauri Markkanen,markkla01,UTA,17259999,2024
Marcus Morris,morrima03,CLE,17116279,2024
Dāvis Bertāns,bertada01,CHO,17000000,2024
Harrison Barnes,barneha02,SAC,17000000,2024
Markelle Fultz,fultzma01,ORL,17000000,2024
Jusuf Nurkić,nurkiju01,PHO,16875000,2024
P.J. Washington,washipj01,DAL,16847826,2024
Kevin Porter Jr.,porteke02,MIL,15860000,2024
Rui Hachimura,hachiru01,LAL,15740741,2024
Mitchell Robinson,robinmi01,NYK,15681818,2024
Kevin Huerter,huertke01,SAC,15669643,2024
Jonas Valančiūnas,valanjo01,NOP,15435000,2024
Luke Kennard,kennalu01,MEM,15418363,2024
Caris LeVert,leverca01,CLE,15384616,2024
Luguentz Dort,dortlu01,OKC,15277778,2024
Kentavious Caldwell-Pope,caldwke01,DEN,14704938,2024
Max Strus,strusma01,CLE,14487684,2024
Tyus Jones,jonesty01,WAS,14000000,2024
Dorian Finney-Smith,finnedo01,BRK,13932008,2024
Doug McDermott,mcderdo01,IND,13750000,2024
Wendell Carter Jr.,cartewe01,ORL,13050000,2024
Gary Harris,harriga01,ORL,13000000,2024
Josh Hart,hartjo01,NYK,12960000,2024
Naz Reid,reidna01,MIN,12950400,2024
Steven Adams,adamsst01,HOU,12600000,2024
Brandon Clarke,clarkbr01,MEM,12500000,2024
Marvin Bagley III,baglema01,WAS,12500000,2024
Dennis Schröder,schrode01,BRK,12405000,2024
Daniel Gafford,gaffoda01,DAL,12402000,2024
Grant Williams,willigr01,CHO,12325581,2024
Kelly Olynyk,olynyke01,TOR,12195122,2024
James Wiseman,wisemja01,DET,12119400,2024
Devonte' Graham,grahade01,SAS,12100000,2024
Richaun Holmes,holmeri01,WAS,12046020,2024
Austin Reaves,reaveau01,LAL,12015150,2024
Herbert Jones,joneshe01,NOP,12015150,2024
Chris Boucher,bouchch01,TOR,11750000,2024
Nicolas Batum,batumni01,PHI,11710818,2024
Bobby Portis,portibo01,MIL,11710818,2024
Robert Covington,covinro01,PHI,11692308,2024
Robert Williams,williro04,POR,11571429,2024
Coby White,whiteco01,CHI,11111111,2024
Cade Cunningham,cunnica01,DET,11055240,2024
Talen Horton-Tucker,hortota01,UTA,11020000,2024
P.J. Tucker,tuckepj01,LAC,11014500,2024
Joe Ingles,inglejo01,ORL,11000000,2024
Maxi Kleber,klebima01,DAL,11000000,2024
Donte DiVincenzo,divindo01,NYK,10960000,2024
Ivica Zubac,zubaciv01,LAC,10933333,2024
LaMelo Ball,ballla01,CHO,10900635,2024
Terance Mann,mannte01,LAC,10576923,2024
Matisse Thybulle,thybuma01,POR,10500000,2024
Gabe Vincent,vincega01,LAL,10500000,2024
Alec Burks,burksal01,NYK,10489600,2024
Larry Nance Jr.,nancela02,NOP,10375000,2024
Landry Shamet,shamela01,WAS,10250000,2024
Al Horford,horfoal01,BOS,10000000,2024
Malik Monk,monkma01,SAC,9945830,2024
Tre Jones,jonestr01,SAS,9895833,2024
Jalen Green,greenja05,HOU,9891480,2024
Patrick Williams,willipa01,CHI,9835881,2024
Monte Morris,morrimo01,MIN,9800926,2024
Nic Claxton,claxtni01,BRK,9625000,2024
Jeff Green,greenje02,HOU,9600000,2024
Royce O'Neale,onealro01,PHO,9500000,2024
Alex Caruso,carusal01,CHI,9460000,2024
Pat Connaughton,connapa01,MIL,9423869,2024
Isaiah Hartenstein,harteis01,NYK,9245121,2024
Anthony Edwards,edwaran01,MIN,9219512,2024
Kyle Anderson,anderky01,MIN,9219512,2024
Grayson Allen,allengr01,PHO,8925000,2024
Isaac Okoro,okorois01,CLE,8920795,2024
Evan Mobley,mobleev01,CLE,8882760,2024
Georges Niang,niangge01,CLE,8800000,2024
Gary Payton II,paytoga02,GSW,8715000,2024
T.J. McConnell,mccontj01,IND,8700000,2024
Onyeka Okongwu,okongon01,ATL,8109063,2024
Scottie Barnes,barnesc01,TOR,8008560,2024
Trey Lyles,lylestr01,SAC,8000000,2024
De'Anthony Melton,meltode01,PHI,8000000,2024
Moritz Wagner,wagnemo01,ORL,8000000,2024
Jock Landale,landajo01,HOU,8000000,2024
Miles Bridges,bridgmi02,CHO,7921301,2024
Paul Reed,reedpa01,PHI,7723000,2024
Zach Collins,colliza01,SAS,7700000,2024
Cody Martin,martico01,CHO,7560000,2024
Kevon Looney,looneke01,GSW,7500000,2024
Taurean Prince,princta02,LAL,7455000,2024
Killian Hayes,hayeski01,DET,7413955,2024
Jalen Suggs,suggsja01,ORL,7252080,2024
Khem Birch,birchkh01,SAS,6985000,2024
Obi Toppin,toppiob01,IND,6803012,2024
Caleb Martin,martica02,MIA,6802950,2024
Cedi Osman,osmande01,SAS,6718842,2024
Josh Giddey,giddejo01,OKC,6587040,2024
Cameron Payne,payneca01,PHI,6500000,2024
Jae'Sean Tate,tateja01,HOU,6500000,2024
Ayo Dosunmu,dosunay01,CHI,6481481,2024
Rudy Gay,gayru01,GSW,6479000,2024
Otto Porter Jr.,porteot01,TOR,6300000,2024
Deni Avdija,avdijde01,WAS,6263188,2024
Nassir Little,littlna01,PHO,6250000,2024
Jevon Carter,carteje01,CHI,6190476,2024
Kenrich Williams,willike04,OKC,6175000,2024
Ricky Rubio,rubiori01,CLE,6146342,2024
Jonathan Kuminga,kuminjo01,GSW,6012840,2024
Devin Vassell,vassede01,SAS,5887899,2024
Tyrese Haliburton,halibty01,IND,5808435,2024
Kira Lewis Jr.,lewiski01,UTA,5722116,2024
Dean Wade,wadede01,CLE,5709877,2024
Aaron Nesmith,nesmiaa01,IND,5634257,2024
Jalen Smith,smithja04,IND,5604192,2024
Cole Anthony,anthoco01,ORL,5539771,2024
Franz Wagner,wagnefr01,ORL,5508720,2024
Garrett Temple,templga01,TOR,5401000,2024
Furkan Korkmaz,korkmfu01,PHI,5370370,2024
Chuma Okeke,okekech01,ORL,5266713,2024
Isaiah Stewart,stewais01,DET,5266713,2024
Davion Mitchell,mitchda01,SAC,5063760,2024
Nick Richards,richani01,CHO,5000000,2024
Reggie Jackson,jacksre01,DEN,5000000,2024
Mason Plumlee,plumlma01,LAC,5000000,2024
Ziaire Williams,willizi02,MEM,4810200,2024
Josh Green,greenjo02,DAL,4765339,2024
Jarred Vanderbilt,vandeja01,LAL,4698000,2024
Nickeil Alexander-Walker,alexani01,MIN,4687500,2024
James Bouknight,bouknja01,CHO,4570080,2024
Saddiq Bey,beysa01,ATL,4556983,2024
Jalen McDaniels,mcdanja01,TOR,4516000,2024
Precious Achiuwa,achiupr01,NYK,4379527,2024
Tyrese Maxey,maxeyty01,PHI,4343920,2024
Danuel House Jr.,houseda01,PHI,4310250,2024
Zeke Nnaji,nnajize01,DEN,4306281,2024
Immanuel Quickley,quickim01,TOR,4171548,2024
Chris Duarte,duartch01,SAC,4124400,2024
Payton Pritchard,pritcpa01,BOS,4037278,2024
Seth Curry,curryse01,CHO,4000000,2024
Troy Brown Jr.,browntr01,DET,4000000,2024
Dwight Powell,poweldw01,DAL,4000000,2024
Moses Moody,moodymo01,GSW,3918480,2024
Jaden McDaniels,mcdanja02,MIN,3901399,2024
Malachi Flynn,flynnma01,DET,3873025,2024
Desmond Bane,banede01,MEM,3845083,2024
Kevin Love,loveke01,MIA,3835738,2024
Russell Westbrook,westbru01,LAC,3835738,2024
Corey Kispert,kispeco01,WAS,3722040,2024
Amir Coffey,coffeam01,LAC,3666667,2024
Alperen Şengün,sengual01,HOU,3536280,2024
Mike Muscala,muscami01,OKC,3500000,2024
Andre Drummond,drumman01,CHI,3360000,2024
Trey Murphy III,murphtr02,NOP,3359280,2024
Derrick Rose,rosede01,MEM,3196448,2024
Eric Gordon,gordoer01,PHO,3196448,2024
Tre Mann,manntr01,CHO,3191280,2024
Jordan Nwora,nworajo01,TOR,3000000,2024
Dante Exum,exumda01,DAL,3000000,2024
Jalen Johnson,johnsja05,ATL,2925360,2024
Josh Richardson,richajo01,MIA,2891467,2024
Josh Okogie,okogijo01,PHO,2815937,2024
Keon Johnson,johnske07,BRK,2808720,2024
Omer Yurtseven,yurtsom01,UTA,2800000,2024
Kyle Lowry,lowryky01,PHI,2795839,2024
Christian Wood,woodch01,LAL,2709849,2024
Isaiah Jackson,jacksis01,IND,2696280,2024
Charles Bassey,bassech01,SAS,2600000,2024
Kris Dunn,dunnkr01,UTA,2586665,2024
Damian Jones,jonesda03,CLE,2586665,2024
Bruno Fernando,fernabr01,ATL,2581522,2024
Willy Hernangómez,hernawi01,NOP,2559942,2024
Damion Lee,leeda03,PHO,2528233,2024
Thomas Bryant,bryanth01,MIA,2528233,2024
Torrey Craig,craigto01,CHI,2528233,2024
Josh Christopher,chrisjo01,MIA,2485200,2024
Ty Jerome,jeromty01,CLE,2439025,2024
PJ Dozier,doziepj01,MIN,2413304,2024
Luke Kornet,kornelu01,BOS,2413304,2024
John Konchar,konchjo01,MEM,2400000,2024
Quentin Grimes,grimequ01,DET,2385720,2024
Keita Bates-Diop,bateske01,BRK,2364614,2024
Yuta Watanabe,watanyu01,MEM,2346614,2024
Drew Eubanks,eubandr01,PHO,2346614,2024
Jordan McLaughlin,mclaujo01,MIN,2320000,2024
Bones Hyland,hylanbo01,LAC,2306400,2024
Cam Thomas,thomaca02,BRK,2240160,2024
Vlatko Čančar,cancavl01,DEN,2234359,2024
Jaden Springer,sprinja01,BOS,2226240,2024
Day'Ron Sharpe,sharpda01,BRK,2210040,2024
Jeremiah Robinson-Earl,robinje02,NOP,2196970,2024
Santi Aldama,aldamsa01,MEM,2194200,2024
Jaxson Hayes,hayesja02,LAL,2165000,2024
Cam Reddish,reddica01,LAL,2165000,2024
Oshae Brissett,brissos01,BOS,2165000,2024
Luka Šamanić,samanlu01,UTA,2066585,2024
Goga Bitadze,bitadgo01,ORL,2062585,2024
Tristan Thompson,thomptr01,CLE,2019796,2024
Sandro Mamukelashvili,mamuksa01,SAS,2019760,2024
Alex Len,lenal01,SAC,2019760,2024
Montrezl Harrell,harremo01,PHI,2019760,2024
Malik Beasley,beaslma01,MIL,2019760,2024
Jae Crowder,crowdja01,MIL,2019760,2024
Frank Ntilikina,ntilila01,CHO,2019706,2024
Ish Smith,smithis01,CHO,2019706,2024
Nerlens Noel,noelne01,SAC,2019706,2024
JaVale McGee,mcgeeja01,SAC,2019706,2024
Robin Lopez,lopezro01,MIL,2019706,2024
Dalano Banton,bantoda01,POR,2019706,2024
Moses Brown,brownmo01,POR,2019706,2024
Bol Bol,bolbo01,PHO,2019706,2024
Mo Bamba,bambamo01,PHI,2019706,2024
Kelly Oubre Jr.,oubreke01,PHI,2019706,2024
Danny Green,greenda02,PHI,2019706,2024
Trendon Watford,watfotr01,BRK,2019706,2024
Lonnie Walker IV,walkelo01,BRK,2019706,2024
Dennis Smith Jr.,smithde03,BRK,2019706,2024
Thanasis Antetokounmpo,antetth01,MIL,2019706,2024
Patrick Beverley,beverpa01,MIL,2019706,2024
Cory Joseph,josepco01,GSW,2019706,2024
Aaron Holiday,holidaa01,HOU,2019706,2024
Reggie Bullock,bullore01,HOU,2019706,2024
Boban Marjanović,marjabo01,HOU,2019706,2024
Dario Šarić,saricda01,GSW,2019706,2024
Chimezie Metu,metuch01,DET,2019706,2024
Ryan Arcidiacono,arcidry01,NYK,2019706,2024
Justin Holiday,holidju01,DEN,2019706,2024
DeAndre Jordan,jordade01,DEN,2019706,2024
Derrick Jones Jr.,jonesde02,DAL,2019706,2024
Markieff Morris,morrima02,DAL,2019706,2024
Terry Taylor,taylote01,CHI,2019706,2024
Cody Zeller,zelleco01,NOP,2019706,2024
Svi Mykhailiuk,mykhasv01,BOS,2019706,2024
Wesley Matthews,matthwe02,ATL,2019706,2024
Garrison Mathews,mathega01,ATL,2000000,2024
Anthony Gill,gillan01,WAS,1997239,2024
R.J. Hampton,hamptrj01,MIA,1997238,2024
Isaiah Joe,joeis01,OKC,1997238,2024
Sam Merrill,merrisa01,CLE,1997238,2024
Lamar Stevens,stevela01,MEM,1930681,2024
KJ Martin,martike04,PHI,1930681,2024
KJ Martin,martike04,LAC,1930681,2024
Naji Marshall,marshna01,NOP,1930681,2024
Xavier Tillman Sr.,tillmxa01,BOS,1930681,2024
Kessler Edwards,edwarke02,SAC,1927896,2024
Jericho Sims,simsje01,NYK,1927896,2024
Joe Wieskamp,wieskjo01,DAL,1927896,2024
Sam Hauser,hausesa01,BOS,1927896,2024
Carlik Jones,jonesca03,CHI,1922896,2024
Haywood Highsmith,highsha01,MIA,1902137,2024
Kevin Knox,knoxke01,DET,1845593,2024
JT Thor,thorjt01,CHO,1836096,2024
Isaiah Todd,toddis01,MEM,1836096,2024
Isaiah Livers,liveris01,DET,1836096,2024
Aaron Wiggins,wiggiaa01,OKC,1836096,2024
Miles McBride,mcbrimi01,NYK,1836096,2024
Brandon Boston Jr.,bostobr01,LAC,1836096,2024
Marko Simonovic,simonma01,CHI,1836096,2024
Jose Alvarado,alvarjo01,NOP,1836096,2024
Joshua Primo,primojo01,LAC,1764341,2024
Daniel Theis,theisda01,LAC,1741126,2024
Spencer Dinwiddie,dinwisp01,LAL,1554654,2024
Eugene Omoruyi,omorueu01,WAS,900000,2024
James Johnson,johnsja01,IND,777703,2024
Lindy Waters III,waterli01,OKC,766095,2024
Bismack Biyombo,biyombi01,OKC,754488,2024
Danilo Gallinari,gallida01,MIL,661628,2024
Delon Wright,wrighde01,MIA,661628,2024
Thaddeus Young,youngth01,PHO,638413,2024
Aleksej Pokusevski,pokusal01,CHO,565176,2024
Trent Forrest,forretr01,ATL,553151,2024
Shake Milton,miltosh01,NYK,552938,2024
Darius Bazley,bazleda01,UTA,500000,2024
Patty Mills,millspa02,MIA,475908,2024
Taj Gibson,gibsota01,DET,348225,2024
