| names                       |
|:----------------------------|
| NAME                        |
| Stephen Curry, G            |
| Russell Westbrook, G        |
| Chris Paul, G               |
| James Harden, G             |
| John Wall, PG               |
| Kevin Durant, F             |
| LeBron James, F             |
| Paul George, F              |
| Klay Thompson, G            |
| Mike Conley, G              |
| NAME                        |
| Jimmy Butler III, F         |
| Kawhi Leonard, F            |
| Kemba Walker, PG            |
| Tobias Harris, F            |
| Khris Middleton, F          |
| Anthony Davis, F            |
| Kyrie Irving, G             |
| Damian Lillard, G           |
| Kevin Love, F               |
| Ben Simmons, PG             |
| NAME                        |
| Pascal Siakam, F            |
| Kyle Lowry, G               |
| Steven Adams, C             |
| Joel Embiid, C              |
| Andrew Wiggins, F           |
| Nikola Jokic, C             |
| Devin Booker, G             |
| Karl-Anthony Towns, C       |
| Kristaps Porzingis, C       |
| CJ McCollum, G              |
| NAME                        |
| Bradley Beal, G             |
| D'Angelo Russell, G         |
| Gordon Hayward, SF          |
| Otto Porter Jr., SF         |
| DeMar DeRozan, G            |
| Giannis Antetokounmpo, F    |
| Rudy Gobert, C              |
| Al Horford, C               |
| Jamal Murray, G             |
| Brandon Ingram, F           |
| NAME                        |
| Jrue Holiday, G             |
| Nikola Vucevic, C           |
| Chandler Parsons, SF        |
| Buddy Hield, G              |
| LaMarcus Aldridge, C        |
| Jaylen Brown, G             |
| Draymond Green, F           |
| Harrison Barnes, F          |
| Fred VanVleet, G            |
| Victor Oladipo, SG          |
| NAME                        |
| Malcolm Brogdon, G          |
| Domantas Sabonis, F         |
| Gary Harris, G              |
| Danilo Gallinari, PF        |
| Zach LaVine, G              |
| Jerami Grant, F             |
| Tim Hardaway Jr., G         |
| Julius Randle, F            |
| Terry Rozier, G             |
| Allen Crabbe, G             |
| NAME                        |
| Aaron Gordon, F             |
| Goran Dragic, PG            |
| Myles Turner, C             |
| Bogdan Bogdanovic, G        |
| Bojan Bogdanovic, SF        |
| Evan Fournier, SG           |
| Ricky Rubio, PG             |
| Eric Bledsoe, SG            |
| Eric Gordon, G              |
| Timofey Mozgov, C           |
| NAME                        |
| Caris LeVert, G             |
| Joe Harris, SF              |
| James Johnson, PF           |
| Dennis Schroder, G          |
| Clint Capela, C             |
| Cody Zeller, C              |
| Danny Green, F              |
| Davis Bertans, SF           |
| Andre Iguodala, F           |
| Jonas Valanciunas, C        |
| NAME                        |
| Marcus Morris Sr., F        |
| Luke Babbitt, F             |
| Rudy Gay, SF                |
| Kelly Oubre Jr., G          |
| Dejounte Murray, G          |
| Will Barton, G              |
| Marcin Gortat, C            |
| Thaddeus Young, F           |
| Patty Mills, PG             |
| Terrence Ross, G            |
| NAME                        |
| Marcus Smart, G             |
| Malik Beasley, SG           |
| Patrick Beverley, PG        |
| Christian Wood, F           |
| JJ Redick, SG               |
| Justise Winslow, PF         |
| Jusuf Nurkic, C             |
| Trevor Ariza, SF            |
| Courtney Lee, G             |
| Brook Lopez, C              |
| NAME                        |
| Cory Joseph, PG             |
| Kelly Olynyk, F             |
| Miles Plumlee, C            |
| T.J. Warren, SF             |
| Nikola Mirotic, F           |
| Tyreke Evans, G             |
| Markelle Fultz, PG          |
| Taurean Prince, F           |
| Tony Snell, SF              |
| Robert Covington, PF        |
| NAME                        |
| Kentavious Caldwell-Pope, G |
| Larry Nance Jr., F          |
| Zach Randolph, F            |
| Jordan Clarkson, G          |
| Spencer Dinwiddie, PG       |
| Dillon Brooks, F            |
| Omer Asik, C                |
| Dwight Powell, F            |
| Lonzo Ball, G               |
| Josh Richardson, SG         |
| NAME                        |
| Norman Powell, G            |
| Joe Ingles, F               |
| Jeremy Lamb, SG             |
| DeAndre Jordan, C           |
| Zion Williamson, F          |
| Rodney Hood, SG             |
| Tomas Satoransky, SG        |
| Darren Collison, PG         |
| Jayson Tatum, F             |
| Anthony Edwards, G          |
| NAME                        |
| Al-Farouq Aminu, SF         |
| Dante Exum, G               |
| George Hill, PG             |
| De'Anthony Melton, G        |
| Deandre Ayton, C            |
| Kyle Anderson, F            |
| Meyers Leonard, C           |
| Montrezl Harrell, C         |
| Jae Crowder, PF             |
| Serge Ibaka, F              |
| NAME                        |
| Derrick Jones Jr., F        |
| Tristan Thompson, C         |
| Derrick Favors, F           |
| Dario Saric, F              |
| Ja Morant, G                |
| Delon Wright, G             |
| Marvin Bagley III, F        |
| Cedi Osman, SF              |
| Tyus Jones, G               |
| James Wiseman, C            |
| NAME                        |
| Royce O'Neale, F            |
| Thomas Bryant, C            |
| CJ Miles, G                 |
| Maxi Kleber, F              |
| RJ Barrett, F               |
| Jakob Poeltl, C             |
| De'Aaron Fox, G             |
| Luka Doncic, G              |
| Mason Plumlee, C            |
| Lou Williams, SG            |
| NAME                        |
| P.J. Tucker, PF             |
| LaMelo Ball, G              |
| Seth Curry, SG              |
| Derrick Rose, PG            |
| Cristiano Felicio, PF       |
| Rajon Rondo, PG             |
| Darrell Arthur, F           |
| De'Andre Hunter, F          |
| Jonathan Isaac, F           |
| Doug McDermott, F           |
| NAME                        |
| Robin Lopez, C              |
| Jaren Jackson Jr., F        |
| JaMychal Green, F           |
| Patrick Williams, F         |
| Aron Baynes, C              |
| Darius Miller, SF           |
| Ivica Zubac, C              |
| Chris Boucher, F            |
| Lauri Markkanen, F          |
| Darius Garland, G           |
| NAME                        |
| D.J. Augustin, G            |
| Trae Young, G               |
| Juancho Hernangomez, PF     |
| Isaac Okoro, F              |
| Milos Teodosic, G           |
| Frank Ntilikina, PG         |
| Wesley Johnson, F           |
| Jarrett Culver, G           |
| Ish Smith, PG               |
| Alec Burks, SG              |
| NAME                        |
| Mo Bamba, C                 |
| Onyeka Okongwu, F           |
| Justin Holiday, F           |
| Jonathon Simmons, G         |
| Dennis Smith Jr., PG        |
| Avery Bradley, PG           |
| Coby White, G               |
| Trey Lyles, PF              |
| Alex Abrines, G             |
| Jason Smith, F              |
| NAME                        |
| Wendell Carter Jr., C       |
| Zach Collins, F             |
| Malik Monk, G               |
| Killian Hayes, G            |
| Alexis Ajinca, C            |
| Luke Kennard, G             |
| Donovan Mitchell, G         |
| Rodney McGruder, G          |
| Bam Adebayo, C              |
| Jaxson Hayes, C             |
| NAME                        |
| Richaun Holmes, F           |
| Mike Scott, PF              |
| Ed Davis, C                 |
| Enes Freedom, C             |
| Nerlens Noel, C             |
| Daniel Theis, C             |
| Dirk Nowitzki, F            |
| Kyle Singler, F             |
| Collin Sexton, G            |
| Pat Connaughton, G          |
| NAME                        |
| Obi Toppin, F               |
| Josh Jackson, SG            |
| Garrett Temple, G           |
| Kris Dunn, G                |
| Rui Hachimura, F            |
| Denzel Valentine, G         |
| Kevin Knox II, F            |
| D.J. Wilson, F              |
| Deni Avdija, F              |
| Kevon Looney, F             |
| NAME                        |
| Cam Reddish, SF             |
| T.J. Leaf, PF               |
| Jalen Smith, F              |
| JaVale McGee, C             |
| Reggie Bullock Jr., SF      |
| Mikal Bridges, G            |
| Shai Gilgeous-Alexander, G  |
| John Collins, F             |
| Nicolo Melli, PF            |
| Willie Cauley-Stein, C      |
| NAME                        |
| Devin Vassell, G            |
| Cameron Johnson, F          |
| P.J. Washington, F          |
| Patrick McCaw, SF           |
| Dorian Finney-Smith, F      |
| Terrance Ferguson, SF       |
| Miles Bridges, F            |
| Jevon Carter, G             |
| Jarrett Allen, C            |
| OG Anunoby, F               |
| NAME                        |
| Gabriel Deck, SF            |
| Tyrese Haliburton, G        |
| Stanley Johnson, SF         |
| Jake Layman, F              |
| Jerome Robinson, SG         |
| Danuel House Jr., SF        |
| Kira Lewis Jr., G           |
| Romeo Langford, SG          |
| Bobby Portis, F             |
| Maurice Harkless, SF        |
| NAME                        |
| Wesley Matthews, SG         |
| Kyle Kuzma, F               |
| Allonzo Trier, G            |
| Michael Porter Jr., F       |
| Tony Bradley, C             |
| Derrick White, G            |
| Bismack Biyombo, C          |
| Michael Beasley, F          |
| Luca Vildoza, G             |
| T.J. McConnell, G           |
| NAME                        |
| Boban Marjanovic, C         |
| Josh Hart, G                |
| Aaron Nesmith, G            |
| Sekou Doumbouya, SF         |
| Michael Carter-Williams, G  |
| James Ennis III, F          |
| Cole Anthony, G             |
| Troy Brown Jr., F           |
| Chuma Okeke, F              |
| Isaiah Stewart, F           |
| NAME                        |
| Nickeil Alexander-Walker, G |
| Patrick Patterson, PF       |
| Donte DiVincenzo, G         |
| Trey Burke, PG              |
| Khem Birch, C               |
| Ryan Arcidiacono, G         |
| Aleksej Pokusevski, F       |
| Goga Bitadze, C             |
| Luka Samanic, F             |
| Lonnie Walker IV, G         |
| NAME                        |
| Josh Green, G               |
| Kevin Huerter, G            |
| Alex Caruso, G              |
| Matisse Thybulle, G         |
| Saddiq Bey, G               |
| Josh Okogie, G              |
| Marko Guduric, G            |
| Brandon Clarke, F           |
| Precious Achiuwa, PF        |
| Tyler Herro, G              |
| NAME                        |
| Marc Gasol, C               |
| Nene Hilario, C             |
| Grayson Allen, G            |
| Manu Ginobili, G            |
| Grant Williams, F           |
| Tyrese Maxey, G             |
| Emeka Okafor, C             |
| Kendrick Perkins, C         |
| Chandler Hutchison, SF      |
| Tyler Zeller, C             |
| NAME                        |
| Aaron Holiday, G            |
| Darius Bazley, F            |
| Bryn Forbes, SG             |
| Ty Jerome, G                |
| Zeke Nnaji, F               |
| Mike Muscala, C             |
| Ben McLemore, SG            |
| Anfernee Simons, G          |
| Brad Wanamaker, PG          |
| Luke Kornet, C              |
| NAME                        |
| Brandon Jennings, G         |
| Nassir Little, SF           |
| Payton Pritchard, G         |
| R.J. Hampton, G             |
| Edmond Sumner, PG           |
| Dylan Windler, G            |
| Immanuel Quickley, G        |
| John Konchar, G             |
| Landry Shamet, G            |
| Jordan Poole, G             |
| NAME                        |
| Bol Bol, C                  |
| Sean Kilpatrick, G          |
| Keldon Johnson, F           |
| Robert Williams III, C      |
| Jacob Evans, G              |
| Kenrich Williams, G         |
| Theo Maledon, PG            |
| Damyean Dotson, SG          |
| Gary Clark, F               |
| Omari Rasulala Spellman, F  |
| NAME                        |
| Cameron Payne, PG           |
| Udoka Azubuike, C           |
| Jaden McDaniels, F          |
| Malachi Flynn, PG           |
| Desmond Bane, G             |
| Jontay Porter, C            |
| Jahlil Okafor, C            |
| Marquese Chriss, SF         |
| David Nwaba, SF             |
| DeAndre Liggins, G          |
| NAME                        |
| Georges Niang, F            |
| PJ Dozier, G                |
| Damion Lee, SG              |
| Furkan Korkmaz, SG          |
| Alfonzo McKinnie, F         |
| Abdel Nader, F              |
| Semi Ojeleye, PF            |
| DeAndre' Bembry, SG         |
| Kevin Porter Jr., G         |
| Shake Milton, SG            |
| NAME                        |
| Thanasis Antetokounmpo, F   |
| Brandon Goodwin, G          |
| Jonah Bolden, PF            |
| Wes Iwundu, F               |
| Dragan Bender, F            |
| Isaac Bonga, G              |
| Gary Trent Jr., G           |
| Bruce Brown, G              |
| Hamidou Diallo, G           |
| Kendrick Nunn, G            |
| NAME                        |
| Mitchell Robinson, C        |
| Jalen Brunson, G            |
| Keita Bates-Diop, SF        |
| Duncan Robinson, F          |
| Svi Mykhailiuk, G           |
| Jarred Vanderbilt, F        |
| Julyan Stone, G             |
| MarShon Brooks, G           |
| Wenyen Gabriel, F           |
| Shaquille Harrison, G       |
| NAME                        |
| Isaiah Taylor, G            |
| Hassan Whiteside, C         |
| Tyler Johnson, G            |
| Tyler Lydon, F              |
| Quinn Cook, PG              |
| Matthew Dellavedova, G      |
| Kent Bazemore, SF           |
| Drew Eubanks, F             |
| Isaiah Thomas, G            |
| Nicolas Batum, F            |
| NAME                        |
| E'Twaun Moore, G            |
| Isaiah Hartenstein, C       |
| Solomon Hill, SF            |
| Josh Gray, G                |
| Wilson Chandler, F          |
| Glenn Robinson III, F       |
| Udonis Haslem, PF           |
| Harry Giles III, PF         |
| Sterling Brown, SF          |
| Wayne Ellington, SG         |
| NAME                        |
| Jared Dudley, SF            |
| Dwight Howard, C            |
| Carmelo Anthony, PF         |
| JaKarr Sampson, SF          |
| Langston Galloway, SG       |
| Frank Kaminsky, F           |
| Ryan Anderson, PF           |
| Jeff Green, F               |
| Gerald Green, G             |
| Reggie Jackson, PG          |
| NAME                        |
| Markieff Morris, PF         |
| J.J. Barea, G               |
| Thon Maker, F               |
| Jarell Martin, F            |
| Raul Neto, PG               |
| Torrey Craig, SF            |
| Willy Hernangomez, C        |
| Joe Johnson, G              |
| Vince Carter, G             |
| Dwight Buycks, G            |
| NAME                        |
| Monte Morris, PG            |
| Antonio Blakeney, G         |
| Tyrone Wallace, G           |
| Malachi Richardson, G       |
| Georgios Papagiannis, C     |
| Chinanu Onuaku, C           |
| Wade Baldwin IV, G          |
| Isaiah Whitehead, G         |
| Paul Zipser, F              |
| Cody Martin, SF             |
| NAME                        |
| Mychal Mulder, G            |
| Jalen McDaniels, F          |
| Dewan Hernandez, F          |
| Anzejs Pasecniks, C         |
| Talen Horton-Tucker, SF     |
| Nigel Williams-Goss, G      |
| Luguentz Dort, G            |
| KZ Okpala, SF               |
| Terence Davis, G            |
| Miye Oni, SF                |
| NAME                        |
| Admiral Schofield, SF       |
| Isaiah Roby, PF             |
| Nic Claxton, C              |
| Naz Reid, C                 |
| Eric Paschall, F            |
| Jalen Lecque, G             |
| Rayjon Tucker, G            |
| Caleb Martin, F             |
| Ky Bowman, G                |
| Juwan Morgan, F             |
| NAME                        |
| Terance Mann, G             |
| Alen Smailagic, PF          |
| Jaylen Nowell, G            |
| Carsen Edwards, PG          |
| Vlatko Cancar, SF           |
| Daniel Gafford, F           |
| Dean Wade, F                |
| Matt Thomas, SG             |
| Javonte Green, G            |
| Justin James, G             |
| NAME                        |
| Bruno Fernando, F           |
| Chris Silva, F              |
| Chris Clemons, G            |
| Omri Casspi, F              |
| Isaiah Canaan, G            |
| Dwyane Wade, G              |
| Robert Woodard II, F        |
| Paul Watson, SG             |
| DaQuan Jeffries, SG         |
| Jae'Sean Tate, F            |
| NAME                        |
| Theo Pinson, G              |
| Zylan Cheatham, F           |
| Kelan Martin, SG            |
| Taj Gibson, F               |
| Elie Okobo, G               |
| Jaylen Adams, G             |
| Jemerrio Jones, F           |
| Dairis Bertans, G           |
| Yante Maten, F              |
| Tarik Phillip, G            |
| NAME                        |
| Dakari Johnson, C           |
| Kyle Collinsworth, G        |
| Jaylen Morris, F            |
| Brandon Paul, G             |
| Rodney Purvis, G            |
| David Stockton, G           |
| Zhou Qi, C                  |
| Aaron Jackson, F            |
| Ike Anigbogu, C             |
| Vernon Carey Jr., C         |
| NAME                        |
| Jabari Bird, G              |
| Ben Moore, F                |
| James Nunnally, SF          |
| Xavier Tillman, F           |
| Tyrell Terry, PG            |
| Alex Len, C                 |
| Noah Vonleh, PF             |
| Nick Young, G               |
| Nick Richards, C            |
| Jahmi'us Ramsey, PG         |
| NAME                        |
| Gorgui Dieng, C             |
| Paul Millsap, PF            |
| Ron Baker, G                |
| Daniel Oturu, C             |
| Jordan Nwora, SF            |
| Anthony Gill, F             |
| Stanton Kidd, SF            |
| Isaiah Joe, G               |
| Tre Jones, G                |
| Elijah Hughes, F            |
| NAME                        |
| KJ Martin, F                |
| CJ Elleby, SG               |
| Deividas Sirvydis, F        |
| Sam Merrill, G              |
| Max Strus, G                |
| Isaiah Briscoe, G           |
| Andre Drummond, C           |
| Blake Griffin, PF           |
| Oshae Brissett, SF          |
| Ersan Ilyasova, PF          |
| NAME                        |
| Chimezie Metu, PF           |
| Timothe Luwawu-Cabarrot, SG |
| Lamar Stevens, F            |
| Paul Reed, F                |
| Jeff Teague, PG             |
| Norvel Pelle, PF            |
| Dewayne Dedmon, C           |
| Nemanja Bjelica, PF         |
| Jabari Parker, PF           |
| Alize Johnson, F            |
| NAME                        |
| Tyler Cook, F               |
| Dion Waiters, G             |
| Juan Toscano-Anderson, F    |
| Yuta Watanabe, SF           |
| Anthony Tolliver, PF        |
| Tim Frazier, PG             |
| Khyri Thomas, SG            |
| Damian Jones, C             |
| DeMarcus Cousins, C         |
| Moritz Wagner, F            |
| NAME                        |
| Yogi Ferrell, PG            |
| Rondae Hollis Jefferson, SF |
| Jimmer Fredette, G          |
| Austin Rivers, SG           |
| Devonte' Graham, PG         |
| Mamadi Diakite, F           |
| Mfiondu Kabengele, C        |
| Naji Marshall, F            |
| Freddie Gillespie, SF       |
| Ignas Brazdeikis, SF        |
| NAME                        |
| Mike James, PG              |
| Elijah Bryant, SG           |
| Caleb Homesley, SG          |
| Charlie Brown Jr., G        |
| Omer Yurtseven, C           |
| Gary Payton II, G           |
| NAME                        |
| Stephen Curry, G            |
| Russell Westbrook, G        |
| Chris Paul, G               |
| James Harden, G             |
| John Wall, PG               |
| Kevin Durant, F             |
| LeBron James, F             |
| Paul George, F              |
| Klay Thompson, G            |
| Mike Conley, G              |
| NAME                        |
| Jimmy Butler III, F         |
| Kawhi Leonard, F            |
| Kemba Walker, PG            |
| Tobias Harris, F            |
| Khris Middleton, F          |
| Anthony Davis, F            |
| Kyrie Irving, G             |
| Damian Lillard, G           |
| Kevin Love, F               |
| Ben Simmons, PG             |
| NAME                        |
| Pascal Siakam, F            |
| Kyle Lowry, G               |
| Steven Adams, C             |
| Joel Embiid, C              |
| Andrew Wiggins, F           |
| Nikola Jokic, C             |
| Devin Booker, G             |
| Karl-Anthony Towns, C       |
| Kristaps Porzingis, C       |
| CJ McCollum, G              |
| NAME                        |
| Bradley Beal, G             |
| D'Angelo Russell, G         |
| Gordon Hayward, SF          |
| Otto Porter Jr., SF         |
| DeMar DeRozan, G            |
| Giannis Antetokounmpo, F    |
| Rudy Gobert, C              |
| Al Horford, C               |
| Jamal Murray, G             |
| Brandon Ingram, F           |
| NAME                        |
| Jrue Holiday, G             |
| Nikola Vucevic, C           |
| Chandler Parsons, SF        |
| Buddy Hield, G              |
| LaMarcus Aldridge, C        |
| Jaylen Brown, G             |
| Draymond Green, F           |
| Harrison Barnes, F          |
| Fred VanVleet, G            |
| Victor Oladipo, SG          |
| NAME                        |
| Malcolm Brogdon, G          |
| Domantas Sabonis, F         |
| Gary Harris, G              |
| Danilo Gallinari, PF        |
| Zach LaVine, G              |
| Jerami Grant, F             |
| Tim Hardaway Jr., G         |
| Julius Randle, F            |
| Terry Rozier, G             |
| Allen Crabbe, G             |
| NAME                        |
| Aaron Gordon, F             |
| Goran Dragic, PG            |
| Myles Turner, C             |
| Bogdan Bogdanovic, G        |
| Bojan Bogdanovic, SF        |
| Evan Fournier, SG           |
| Ricky Rubio, PG             |
| Eric Bledsoe, SG            |
| Eric Gordon, G              |
| Timofey Mozgov, C           |
| NAME                        |
| Caris LeVert, G             |
| Joe Harris, SF              |
| James Johnson, PF           |
| Dennis Schroder, G          |
| Clint Capela, C             |
| Cody Zeller, C              |
| Danny Green, F              |
| Davis Bertans, SF           |
| Andre Iguodala, F           |
| Jonas Valanciunas, C        |
| NAME                        |
| Marcus Morris Sr., F        |
| Luke Babbitt, F             |
| Rudy Gay, SF                |
| Kelly Oubre Jr., G          |
| Dejounte Murray, G          |
| Will Barton, G              |
| Marcin Gortat, C            |
| Thaddeus Young, F           |
| Patty Mills, PG             |
| Terrence Ross, G            |
| NAME                        |
| Marcus Smart, G             |
| Malik Beasley, SG           |
| Patrick Beverley, PG        |
| Christian Wood, F           |
| JJ Redick, SG               |
| Justise Winslow, PF         |
| Jusuf Nurkic, C             |
| Trevor Ariza, SF            |
| Courtney Lee, G             |
| Brook Lopez, C              |
| NAME                        |
| Cory Joseph, PG             |
| Kelly Olynyk, F             |
| Miles Plumlee, C            |
| T.J. Warren, SF             |
| Nikola Mirotic, F           |
| Tyreke Evans, G             |
| Markelle Fultz, PG          |
| Taurean Prince, F           |
| Tony Snell, SF              |
| Robert Covington, PF        |
| NAME                        |
| Kentavious Caldwell-Pope, G |
| Larry Nance Jr., F          |
| Zach Randolph, F            |
| Jordan Clarkson, G          |
| Spencer Dinwiddie, PG       |
| Dillon Brooks, F            |
| Omer Asik, C                |
| Dwight Powell, F            |
| Lonzo Ball, G               |
| Josh Richardson, SG         |
| NAME                        |
| Norman Powell, G            |
| Joe Ingles, F               |
| Jeremy Lamb, SG             |
| DeAndre Jordan, C           |
| Zion Williamson, F          |
| Rodney Hood, SG             |
| Tomas Satoransky, SG        |
| Darren Collison, PG         |
| Jayson Tatum, F             |
| Anthony Edwards, G          |
| NAME                        |
| Al-Farouq Aminu, SF         |
| Dante Exum, G               |
| George Hill, PG             |
| De'Anthony Melton, G        |
| Deandre Ayton, C            |
| Kyle Anderson, F            |
| Meyers Leonard, C           |
| Montrezl Harrell, C         |
| Jae Crowder, PF             |
| Serge Ibaka, F              |
| NAME                        |
| Derrick Jones Jr., F        |
| Tristan Thompson, C         |
| Derrick Favors, F           |
| Dario Saric, F              |
| Ja Morant, G                |
| Delon Wright, G             |
| Marvin Bagley III, F        |
| Cedi Osman, SF              |
| Tyus Jones, G               |
| James Wiseman, C            |
| NAME                        |
| Royce O'Neale, F            |
| Thomas Bryant, C            |
| CJ Miles, G                 |
| Maxi Kleber, F              |
| RJ Barrett, F               |
| Jakob Poeltl, C             |
| De'Aaron Fox, G             |
| Luka Doncic, G              |
| Mason Plumlee, C            |
| Lou Williams, SG            |
| NAME                        |
| P.J. Tucker, PF             |
| LaMelo Ball, G              |
| Seth Curry, SG              |
| Derrick Rose, PG            |
| Cristiano Felicio, PF       |
| Rajon Rondo, PG             |
| Darrell Arthur, F           |
| De'Andre Hunter, F          |
| Jonathan Isaac, F           |
| Doug McDermott, F           |
| NAME                        |
| Robin Lopez, C              |
| Jaren Jackson Jr., F        |
| JaMychal Green, F           |
| Patrick Williams, F         |
| Aron Baynes, C              |
| Darius Miller, SF           |
| Ivica Zubac, C              |
| Chris Boucher, F            |
| Lauri Markkanen, F          |
| Darius Garland, G           |
| NAME                        |
| D.J. Augustin, G            |
| Trae Young, G               |
| Juancho Hernangomez, PF     |
| Isaac Okoro, F              |
| Milos Teodosic, G           |
| Frank Ntilikina, PG         |
| Wesley Johnson, F           |
| Jarrett Culver, G           |
| Ish Smith, PG               |
| Alec Burks, SG              |
| NAME                        |
| Mo Bamba, C                 |
| Onyeka Okongwu, F           |
| Justin Holiday, F           |
| Jonathon Simmons, G         |
| Dennis Smith Jr., PG        |
| Avery Bradley, PG           |
| Coby White, G               |
| Trey Lyles, PF              |
| Alex Abrines, G             |
| Jason Smith, F              |
| NAME                        |
| Wendell Carter Jr., C       |
| Zach Collins, F             |
| Malik Monk, G               |
| Killian Hayes, G            |
| Alexis Ajinca, C            |
| Luke Kennard, G             |
| Donovan Mitchell, G         |
| Rodney McGruder, G          |
| Bam Adebayo, C              |
| Jaxson Hayes, C             |
| NAME                        |
| Richaun Holmes, F           |
| Mike Scott, PF              |
| Ed Davis, C                 |
| Enes Freedom, C             |
| Nerlens Noel, C             |
| Daniel Theis, C             |
| Dirk Nowitzki, F            |
| Kyle Singler, F             |
| Collin Sexton, G            |
| Pat Connaughton, G          |
| NAME                        |
| Obi Toppin, F               |
| Josh Jackson, SG            |
| Garrett Temple, G           |
| Kris Dunn, G                |
| Rui Hachimura, F            |
| Denzel Valentine, G         |
| Kevin Knox II, F            |
| D.J. Wilson, F              |
| Deni Avdija, F              |
| Kevon Looney, F             |
| NAME                        |
| Cam Reddish, SF             |
| T.J. Leaf, PF               |
| Jalen Smith, F              |
| JaVale McGee, C             |
| Reggie Bullock Jr., SF      |
| Mikal Bridges, G            |
| Shai Gilgeous-Alexander, G  |
| John Collins, F             |
| Nicolo Melli, PF            |
| Willie Cauley-Stein, C      |
| NAME                        |
| Devin Vassell, G            |
| Cameron Johnson, F          |
| P.J. Washington, F          |
| Patrick McCaw, SF           |
| Dorian Finney-Smith, F      |
| Terrance Ferguson, SF       |
| Miles Bridges, F            |
| Jevon Carter, G             |
| Jarrett Allen, C            |
| OG Anunoby, F               |
| NAME                        |
| Gabriel Deck, SF            |
| Tyrese Haliburton, G        |
| Stanley Johnson, SF         |
| Jake Layman, F              |
| Jerome Robinson, SG         |
| Danuel House Jr., SF        |
| Kira Lewis Jr., G           |
| Romeo Langford, SG          |
| Bobby Portis, F             |
| Maurice Harkless, SF        |
| NAME                        |
| Wesley Matthews, SG         |
| Kyle Kuzma, F               |
| Allonzo Trier, G            |
| Michael Porter Jr., F       |
| Tony Bradley, C             |
| Derrick White, G            |
| Bismack Biyombo, C          |
| Michael Beasley, F          |
| Luca Vildoza, G             |
| T.J. McConnell, G           |
| NAME                        |
| Boban Marjanovic, C         |
| Josh Hart, G                |
| Aaron Nesmith, G            |
| Sekou Doumbouya, SF         |
| Michael Carter-Williams, G  |
| James Ennis III, F          |
| Cole Anthony, G             |
| Troy Brown Jr., F           |
| Chuma Okeke, F              |
| Isaiah Stewart, F           |
| NAME                        |
| Nickeil Alexander-Walker, G |
| Patrick Patterson, PF       |
| Donte DiVincenzo, G         |
| Trey Burke, PG              |
| Khem Birch, C               |
| Ryan Arcidiacono, G         |
| Aleksej Pokusevski, F       |
| Goga Bitadze, C             |
| Luka Samanic, F             |
| Lonnie Walker IV, G         |
| NAME                        |
| Josh Green, G               |
| Kevin Huerter, G            |
| Alex Caruso, G              |
| Matisse Thybulle, G         |
| Saddiq Bey, G               |
| Josh Okogie, G              |
| Marko Guduric, G            |
| Brandon Clarke, F           |
| Precious Achiuwa, PF        |
| Tyler Herro, G              |
| NAME                        |
| Marc Gasol, C               |
| Nene Hilario, C             |
| Grayson Allen, G            |
| Manu Ginobili, G            |
| Grant Williams, F           |
| Tyrese Maxey, G             |
| Emeka Okafor, C             |
| Kendrick Perkins, C         |
| Chandler Hutchison, SF      |
| Tyler Zeller, C             |
| NAME                        |
| Aaron Holiday, G            |
| Darius Bazley, F            |
| Bryn Forbes, SG             |
| Ty Jerome, G                |
| Zeke Nnaji, F               |
| Mike Muscala, C             |
| Ben McLemore, SG            |
| Anfernee Simons, G          |
| Brad Wanamaker, PG          |
| Luke Kornet, C              |
| NAME                        |
| Brandon Jennings, G         |
| Nassir Little, SF           |
| Payton Pritchard, G         |
| R.J. Hampton, G             |
| Edmond Sumner, PG           |
| Dylan Windler, G            |
| Immanuel Quickley, G        |
| John Konchar, G             |
| Landry Shamet, G            |
| Jordan Poole, G             |
| NAME                        |
| Bol Bol, C                  |
| Sean Kilpatrick, G          |
| Keldon Johnson, F           |
| Robert Williams III, C      |
| Jacob Evans, G              |
| Kenrich Williams, G         |
| Theo Maledon, PG            |
| Damyean Dotson, SG          |
| Gary Clark, F               |
| Omari Rasulala Spellman, F  |
| NAME                        |
| Cameron Payne, PG           |
| Udoka Azubuike, C           |
| Jaden McDaniels, F          |
| Malachi Flynn, PG           |
| Desmond Bane, G             |
| Jontay Porter, C            |
| Jahlil Okafor, C            |
| Marquese Chriss, SF         |
| David Nwaba, SF             |
| DeAndre Liggins, G          |
| NAME                        |
| Georges Niang, F            |
| PJ Dozier, G                |
| Damion Lee, SG              |
| Furkan Korkmaz, SG          |
| Alfonzo McKinnie, F         |
| Abdel Nader, F              |
| Semi Ojeleye, PF            |
| DeAndre' Bembry, SG         |
| Kevin Porter Jr., G         |
| Shake Milton, SG            |
| NAME                        |
| Thanasis Antetokounmpo, F   |
| Brandon Goodwin, G          |
| Jonah Bolden, PF            |
| Wes Iwundu, F               |
| Dragan Bender, F            |
| Isaac Bonga, G              |
| Gary Trent Jr., G           |
| Bruce Brown, G              |
| Hamidou Diallo, G           |
| Kendrick Nunn, G            |
| NAME                        |
| Mitchell Robinson, C        |
| Jalen Brunson, G            |
| Keita Bates-Diop, SF        |
| Duncan Robinson, F          |
| Svi Mykhailiuk, G           |
| Jarred Vanderbilt, F        |
| Julyan Stone, G             |
| MarShon Brooks, G           |
| Wenyen Gabriel, F           |
| Shaquille Harrison, G       |
| NAME                        |
| Isaiah Taylor, G            |
| Hassan Whiteside, C         |
| Tyler Johnson, G            |
| Tyler Lydon, F              |
| Quinn Cook, PG              |
| Matthew Dellavedova, G      |
| Kent Bazemore, SF           |
| Drew Eubanks, F             |
| Isaiah Thomas, G            |
| Nicolas Batum, F            |
| NAME                        |
| E'Twaun Moore, G            |
| Isaiah Hartenstein, C       |
| Solomon Hill, SF            |
| Josh Gray, G                |
| Wilson Chandler, F          |
| Glenn Robinson III, F       |
| Udonis Haslem, PF           |
| Harry Giles III, PF         |
| Sterling Brown, SF          |
| Wayne Ellington, SG         |
| NAME                        |
| Jared Dudley, SF            |
| Dwight Howard, C            |
| Carmelo Anthony, PF         |
| JaKarr Sampson, SF          |
| Langston Galloway, SG       |
| Frank Kaminsky, F           |
| Ryan Anderson, PF           |
| Jeff Green, F               |
| Gerald Green, G             |
| Reggie Jackson, PG          |
| NAME                        |
| Markieff Morris, PF         |
| J.J. Barea, G               |
| Thon Maker, F               |
| Jarell Martin, F            |
| Raul Neto, PG               |
| Torrey Craig, SF            |
| Willy Hernangomez, C        |
| Joe Johnson, G              |
| Vince Carter, G             |
| Dwight Buycks, G            |
| NAME                        |
| Monte Morris, PG            |
| Antonio Blakeney, G         |
| Tyrone Wallace, G           |
| Malachi Richardson, G       |
| Georgios Papagiannis, C     |
| Chinanu Onuaku, C           |
| Wade Baldwin IV, G          |
| Isaiah Whitehead, G         |
| Paul Zipser, F              |
| Cody Martin, SF             |
| NAME                        |
| Mychal Mulder, G            |
| Jalen McDaniels, F          |
| Dewan Hernandez, F          |
| Anzejs Pasecniks, C         |
| Talen Horton-Tucker, SF     |
| Nigel Williams-Goss, G      |
| Luguentz Dort, G            |
| KZ Okpala, SF               |
| Terence Davis, G            |
| Miye Oni, SF                |
| NAME                        |
| Admiral Schofield, SF       |
| Isaiah Roby, PF             |
| Nic Claxton, C              |
| Naz Reid, C                 |
| Eric Paschall, F            |
| Jalen Lecque, G             |
| Rayjon Tucker, G            |
| Caleb Martin, F             |
| Ky Bowman, G                |
| Juwan Morgan, F             |
| NAME                        |
| Terance Mann, G             |
| Alen Smailagic, PF          |
| Jaylen Nowell, G            |
| Carsen Edwards, PG          |
| Vlatko Cancar, SF           |
| Daniel Gafford, F           |
| Dean Wade, F                |
| Matt Thomas, SG             |
| Javonte Green, G            |
| Justin James, G             |
| NAME                        |
| Bruno Fernando, F           |
| Chris Silva, F              |
| Chris Clemons, G            |
| Omri Casspi, F              |
| Isaiah Canaan, G            |
| Dwyane Wade, G              |
| Robert Woodard II, F        |
| Paul Watson, SG             |
| DaQuan Jeffries, SG         |
| Jae'Sean Tate, F            |
| NAME                        |
| Theo Pinson, G              |
| Zylan Cheatham, F           |
| Kelan Martin, SG            |
| Taj Gibson, F               |
| Elie Okobo, G               |
| Jaylen Adams, G             |
| Jemerrio Jones, F           |
| Dairis Bertans, G           |
| Yante Maten, F              |
| Tarik Phillip, G            |
| NAME                        |
| Dakari Johnson, C           |
| Kyle Collinsworth, G        |
| Jaylen Morris, F            |
| Brandon Paul, G             |
| Rodney Purvis, G            |
| David Stockton, G           |
| Zhou Qi, C                  |
| Aaron Jackson, F            |
| Ike Anigbogu, C             |
| Vernon Carey Jr., C         |
| NAME                        |
| Jabari Bird, G              |
| Ben Moore, F                |
| James Nunnally, SF          |
| Xavier Tillman, F           |
| Tyrell Terry, PG            |
| Alex Len, C                 |
| Noah Vonleh, PF             |
| Nick Young, G               |
| Nick Richards, C            |
| Jahmi'us Ramsey, PG         |
| NAME                        |
| Gorgui Dieng, C             |
| Paul Millsap, PF            |
| Ron Baker, G                |
| Daniel Oturu, C             |
| Jordan Nwora, SF            |
| Anthony Gill, F             |
| Stanton Kidd, SF            |
| Isaiah Joe, G               |
| Tre Jones, G                |
| Elijah Hughes, F            |
| NAME                        |
| KJ Martin, F                |
| CJ Elleby, SG               |
| Deividas Sirvydis, F        |
| Sam Merrill, G              |
| Max Strus, G                |
| Isaiah Briscoe, G           |
| Andre Drummond, C           |
| Blake Griffin, PF           |
| Oshae Brissett, SF          |
| Ersan Ilyasova, PF          |
| NAME                        |
| Chimezie Metu, PF           |
| Timothe Luwawu-Cabarrot, SG |
| Lamar Stevens, F            |
| Paul Reed, F                |
| Jeff Teague, PG             |
| Norvel Pelle, PF            |
| Dewayne Dedmon, C           |
| Nemanja Bjelica, PF         |
| Jabari Parker, PF           |
| Alize Johnson, F            |
| NAME                        |
| Tyler Cook, F               |
| Dion Waiters, G             |
| Juan Toscano-Anderson, F    |
| Yuta Watanabe, SF           |
| Anthony Tolliver, PF        |
| Tim Frazier, PG             |
| Khyri Thomas, SG            |
| Damian Jones, C             |
| DeMarcus Cousins, C         |
| Moritz Wagner, F            |
| NAME                        |
| Yogi Ferrell, PG            |
| Rondae Hollis Jefferson, SF |
| Jimmer Fredette, G          |
| Austin Rivers, SG           |
| Devonte' Graham, PG         |
| Mamadi Diakite, F           |
| Mfiondu Kabengele, C        |
| Naji Marshall, F            |
| Freddie Gillespie, SF       |
| Ignas Brazdeikis, SF        |
| NAME                        |
| Mike James, PG              |
| Elijah Bryant, SG           |
| Caleb Homesley, SG          |
| Charlie Brown Jr., G        |
| Omer Yurtseven, C           |
| Gary Payton II, G           |
| NAME                        |
| Stephen Curry, G            |
| Russell Westbrook, G        |
| Chris Paul, G               |
| James Harden, G             |
| John Wall, PG               |
| Kevin Durant, F             |
| LeBron James, F             |
| Paul George, F              |
| Klay Thompson, G            |
| Mike Conley, G              |
| NAME                        |
| Jimmy Butler III, F         |
| Kawhi Leonard, F            |
| Kemba Walker, PG            |
| Tobias Harris, F            |
| Khris Middleton, F          |
| Anthony Davis, F            |
| Kyrie Irving, G             |
| Damian Lillard, G           |
| Kevin Love, F               |
| Ben Simmons, PG             |
| NAME                        |
| Pascal Siakam, F            |
| Kyle Lowry, G               |
| Steven Adams, C             |
| Joel Embiid, C              |
| Andrew Wiggins, F           |
| Nikola Jokic, C             |
| Devin Booker, G             |
| Karl-Anthony Towns, C       |
| Kristaps Porzingis, C       |
| CJ McCollum, G              |
| NAME                        |
| Bradley Beal, G             |
| D'Angelo Russell, G         |
| Gordon Hayward, SF          |
| Otto Porter Jr., SF         |
| DeMar DeRozan, G            |
| Giannis Antetokounmpo, F    |
| Rudy Gobert, C              |
| Al Horford, C               |
| Jamal Murray, G             |
| Brandon Ingram, F           |
| NAME                        |
| Jrue Holiday, G             |
| Nikola Vucevic, C           |
| Chandler Parsons, SF        |
| Buddy Hield, G              |
| LaMarcus Aldridge, C        |
| Jaylen Brown, G             |
| Draymond Green, F           |
| Harrison Barnes, F          |
| Fred VanVleet, G            |
| Victor Oladipo, SG          |
| NAME                        |
| Malcolm Brogdon, G          |
| Domantas Sabonis, F         |
| Gary Harris, G              |
| Danilo Gallinari, PF        |
| Zach LaVine, G              |
| Jerami Grant, F             |
| Tim Hardaway Jr., G         |
| Julius Randle, F            |
| Terry Rozier, G             |
| Allen Crabbe, G             |
| NAME                        |
| Aaron Gordon, F             |
| Goran Dragic, PG            |
| Myles Turner, C             |
| Bogdan Bogdanovic, G        |
| Bojan Bogdanovic, SF        |
| Evan Fournier, SG           |
| Ricky Rubio, PG             |
| Eric Bledsoe, SG            |
| Eric Gordon, G              |
| Timofey Mozgov, C           |
| NAME                        |
| Caris LeVert, G             |
| Joe Harris, SF              |
| James Johnson, PF           |
| Dennis Schroder, G          |
| Clint Capela, C             |
| Cody Zeller, C              |
| Danny Green, F              |
| Davis Bertans, SF           |
| Andre Iguodala, F           |
| Jonas Valanciunas, C        |
| NAME                        |
| Marcus Morris Sr., F        |
| Luke Babbitt, F             |
| Rudy Gay, SF                |
| Kelly Oubre Jr., G          |
| Dejounte Murray, G          |
| Will Barton, G              |
| Marcin Gortat, C            |
| Thaddeus Young, F           |
| Patty Mills, PG             |
| Terrence Ross, G            |
| NAME                        |
| Marcus Smart, G             |
| Malik Beasley, SG           |
| Patrick Beverley, PG        |
| Christian Wood, F           |
| JJ Redick, SG               |
| Justise Winslow, PF         |
| Jusuf Nurkic, C             |
| Trevor Ariza, SF            |
| Courtney Lee, G             |
| Brook Lopez, C              |
| NAME                        |
| Cory Joseph, PG             |
| Kelly Olynyk, F             |
| Miles Plumlee, C            |
| T.J. Warren, SF             |
| Nikola Mirotic, F           |
| Tyreke Evans, G             |
| Markelle Fultz, PG          |
| Taurean Prince, F           |
| Tony Snell, SF              |
| Robert Covington, PF        |
| NAME                        |
| Kentavious Caldwell-Pope, G |
| Larry Nance Jr., F          |
| Zach Randolph, F            |
| Jordan Clarkson, G          |
| Spencer Dinwiddie, PG       |
| Dillon Brooks, F            |
| Omer Asik, C                |
| Dwight Powell, F            |
| Lonzo Ball, G               |
| Josh Richardson, SG         |
| NAME                        |
| Norman Powell, G            |
| Joe Ingles, F               |
| Jeremy Lamb, SG             |
| DeAndre Jordan, C           |
| Zion Williamson, F          |
| Rodney Hood, SG             |
| Tomas Satoransky, SG        |
| Darren Collison, PG         |
| Jayson Tatum, F             |
| Anthony Edwards, G          |
| NAME                        |
| Al-Farouq Aminu, SF         |
| Dante Exum, G               |
| George Hill, PG             |
| De'Anthony Melton, G        |
| Deandre Ayton, C            |
| Kyle Anderson, F            |
| Meyers Leonard, C           |
| Montrezl Harrell, C         |
| Jae Crowder, PF             |
| Serge Ibaka, F              |
| NAME                        |
| Derrick Jones Jr., F        |
| Tristan Thompson, C         |
| Derrick Favors, F           |
| Dario Saric, F              |
| Ja Morant, G                |
| Delon Wright, G             |
| Marvin Bagley III, F        |
| Cedi Osman, SF              |
| Tyus Jones, G               |
| James Wiseman, C            |
| NAME                        |
| Royce O'Neale, F            |
| Thomas Bryant, C            |
| CJ Miles, G                 |
| Maxi Kleber, F              |
| RJ Barrett, F               |
| Jakob Poeltl, C             |
| De'Aaron Fox, G             |
| Luka Doncic, G              |
| Mason Plumlee, C            |
| Lou Williams, SG            |
| NAME                        |
| P.J. Tucker, PF             |
| LaMelo Ball, G              |
| Seth Curry, SG              |
| Derrick Rose, PG            |
| Cristiano Felicio, PF       |
| Rajon Rondo, PG             |
| Darrell Arthur, F           |
| De'Andre Hunter, F          |
| Jonathan Isaac, F           |
| Doug McDermott, F           |
| NAME                        |
| Robin Lopez, C              |
| Jaren Jackson Jr., F        |
| JaMychal Green, F           |
| Patrick Williams, F         |
| Aron Baynes, C              |
| Darius Miller, SF           |
| Ivica Zubac, C              |
| Chris Boucher, F            |
| Lauri Markkanen, F          |
| Darius Garland, G           |
| NAME                        |
| D.J. Augustin, G            |
| Trae Young, G               |
| Juancho Hernangomez, PF     |
| Isaac Okoro, F              |
| Milos Teodosic, G           |
| Frank Ntilikina, PG         |
| Wesley Johnson, F           |
| Jarrett Culver, G           |
| Ish Smith, PG               |
| Alec Burks, SG              |
| NAME                        |
| Mo Bamba, C                 |
| Onyeka Okongwu, F           |
| Justin Holiday, F           |
| Jonathon Simmons, G         |
| Dennis Smith Jr., PG        |
| Avery Bradley, PG           |
| Coby White, G               |
| Trey Lyles, PF              |
| Alex Abrines, G             |
| Jason Smith, F              |
| NAME                        |
| Wendell Carter Jr., C       |
| Zach Collins, F             |
| Malik Monk, G               |
| Killian Hayes, G            |
| Alexis Ajinca, C            |
| Luke Kennard, G             |
| Donovan Mitchell, G         |
| Rodney McGruder, G          |
| Bam Adebayo, C              |
| Jaxson Hayes, C             |
| NAME                        |
| Richaun Holmes, F           |
| Mike Scott, PF              |
| Ed Davis, C                 |
| Enes Freedom, C             |
| Nerlens Noel, C             |
| Daniel Theis, C             |
| Dirk Nowitzki, F            |
| Kyle Singler, F             |
| Collin Sexton, G            |
| Pat Connaughton, G          |
| NAME                        |
| Obi Toppin, F               |
| Josh Jackson, SG            |
| Garrett Temple, G           |
| Kris Dunn, G                |
| Rui Hachimura, F            |
| Denzel Valentine, G         |
| Kevin Knox II, F            |
| D.J. Wilson, F              |
| Deni Avdija, F              |
| Kevon Looney, F             |
| NAME                        |
| Cam Reddish, SF             |
| T.J. Leaf, PF               |
| Jalen Smith, F              |
| JaVale McGee, C             |
| Reggie Bullock Jr., SF      |
| Mikal Bridges, G            |
| Shai Gilgeous-Alexander, G  |
| John Collins, F             |
| Nicolo Melli, PF            |
| Willie Cauley-Stein, C      |
| NAME                        |
| Devin Vassell, G            |
| Cameron Johnson, F          |
| P.J. Washington, F          |
| Patrick McCaw, SF           |
| Dorian Finney-Smith, F      |
| Terrance Ferguson, SF       |
| Miles Bridges, F            |
| Jevon Carter, G             |
| Jarrett Allen, C            |
| OG Anunoby, F               |
| NAME                        |
| Gabriel Deck, SF            |
| Tyrese Haliburton, G        |
| Stanley Johnson, SF         |
| Jake Layman, F              |
| Jerome Robinson, SG         |
| Danuel House Jr., SF        |
| Kira Lewis Jr., G           |
| Romeo Langford, SG          |
| Bobby Portis, F             |
| Maurice Harkless, SF        |
| NAME                        |
| Wesley Matthews, SG         |
| Kyle Kuzma, F               |
| Allonzo Trier, G            |
| Michael Porter Jr., F       |
| Tony Bradley, C             |
| Derrick White, G            |
| Bismack Biyombo, C          |
| Michael Beasley, F          |
| Luca Vildoza, G             |
| T.J. McConnell, G           |
| NAME                        |
| Boban Marjanovic, C         |
| Josh Hart, G                |
| Aaron Nesmith, G            |
| Sekou Doumbouya, SF         |
| Michael Carter-Williams, G  |
| James Ennis III, F          |
| Cole Anthony, G             |
| Troy Brown Jr., F           |
| Chuma Okeke, F              |
| Isaiah Stewart, F           |
| NAME                        |
| Nickeil Alexander-Walker, G |
| Patrick Patterson, PF       |
| Donte DiVincenzo, G         |
| Trey Burke, PG              |
| Khem Birch, C               |
| Ryan Arcidiacono, G         |
| Aleksej Pokusevski, F       |
| Goga Bitadze, C             |
| Luka Samanic, F             |
| Lonnie Walker IV, G         |
| NAME                        |
| Josh Green, G               |
| Kevin Huerter, G            |
| Alex Caruso, G              |
| Matisse Thybulle, G         |
| Saddiq Bey, G               |
| Josh Okogie, G              |
| Marko Guduric, G            |
| Brandon Clarke, F           |
| Precious Achiuwa, PF        |
| Tyler Herro, G              |
| NAME                        |
| Marc Gasol, C               |
| Nene Hilario, C             |
| Grayson Allen, G            |
| Manu Ginobili, G            |
| Grant Williams, F           |
| Tyrese Maxey, G             |
| Emeka Okafor, C             |
| Kendrick Perkins, C         |
| Chandler Hutchison, SF      |
| Tyler Zeller, C             |
| NAME                        |
| Aaron Holiday, G            |
| Darius Bazley, F            |
| Bryn Forbes, SG             |
| Ty Jerome, G                |
| Zeke Nnaji, F               |
| Mike Muscala, C             |
| Ben McLemore, SG            |
| Anfernee Simons, G          |
| Brad Wanamaker, PG          |
| Luke Kornet, C              |
| NAME                        |
| Brandon Jennings, G         |
| Nassir Little, SF           |
| Payton Pritchard, G         |
| R.J. Hampton, G             |
| Edmond Sumner, PG           |
| Dylan Windler, G            |
| Immanuel Quickley, G        |
| John Konchar, G             |
| Landry Shamet, G            |
| Jordan Poole, G             |
| NAME                        |
| Bol Bol, C                  |
| Sean Kilpatrick, G          |
| Keldon Johnson, F           |
| Robert Williams III, C      |
| Jacob Evans, G              |
| Kenrich Williams, G         |
| Theo Maledon, PG            |
| Damyean Dotson, SG          |
| Gary Clark, F               |
| Omari Rasulala Spellman, F  |
| NAME                        |
| Cameron Payne, PG           |
| Udoka Azubuike, C           |
| Jaden McDaniels, F          |
| Malachi Flynn, PG           |
| Desmond Bane, G             |
| Jontay Porter, C            |
| Jahlil Okafor, C            |
| Marquese Chriss, SF         |
| David Nwaba, SF             |
| DeAndre Liggins, G          |
| NAME                        |
| Georges Niang, F            |
| PJ Dozier, G                |
| Damion Lee, SG              |
| Furkan Korkmaz, SG          |
| Alfonzo McKinnie, F         |
| Abdel Nader, F              |
| Semi Ojeleye, PF            |
| DeAndre' Bembry, SG         |
| Kevin Porter Jr., G         |
| Shake Milton, SG            |
| NAME                        |
| Thanasis Antetokounmpo, F   |
| Brandon Goodwin, G          |
| Jonah Bolden, PF            |
| Wes Iwundu, F               |
| Dragan Bender, F            |
| Isaac Bonga, G              |
| Gary Trent Jr., G           |
| Bruce Brown, G              |
| Hamidou Diallo, G           |
| Kendrick Nunn, G            |
| NAME                        |
| Mitchell Robinson, C        |
| Jalen Brunson, G            |
| Keita Bates-Diop, SF        |
| Duncan Robinson, F          |
| Svi Mykhailiuk, G           |
| Jarred Vanderbilt, F        |
| Julyan Stone, G             |
| MarShon Brooks, G           |
| Wenyen Gabriel, F           |
| Shaquille Harrison, G       |
| NAME                        |
| Isaiah Taylor, G            |
| Hassan Whiteside, C         |
| Tyler Johnson, G            |
| Tyler Lydon, F              |
| Quinn Cook, PG              |
| Matthew Dellavedova, G      |
| Kent Bazemore, SF           |
| Drew Eubanks, F             |
| Isaiah Thomas, G            |
| Nicolas Batum, F            |
| NAME                        |
| E'Twaun Moore, G            |
| Isaiah Hartenstein, C       |
| Solomon Hill, SF            |
| Josh Gray, G                |
| Wilson Chandler, F          |
| Glenn Robinson III, F       |
| Udonis Haslem, PF           |
| Harry Giles III, PF         |
| Sterling Brown, SF          |
| Wayne Ellington, SG         |
| NAME                        |
| Jared Dudley, SF            |
| Dwight Howard, C            |
| Carmelo Anthony, PF         |
| JaKarr Sampson, SF          |
| Langston Galloway, SG       |
| Frank Kaminsky, F           |
| Ryan Anderson, PF           |
| Jeff Green, F               |
| Gerald Green, G             |
| Reggie Jackson, PG          |
| NAME                        |
| Markieff Morris, PF         |
| J.J. Barea, G               |
| Thon Maker, F               |
| Jarell Martin, F            |
| Raul Neto, PG               |
| Torrey Craig, SF            |
| Willy Hernangomez, C        |
| Joe Johnson, G              |
| Vince Carter, G             |
| Dwight Buycks, G            |
| NAME                        |
| Monte Morris, PG            |
| Antonio Blakeney, G         |
| Tyrone Wallace, G           |
| Malachi Richardson, G       |
| Georgios Papagiannis, C     |
| Chinanu Onuaku, C           |
| Wade Baldwin IV, G          |
| Isaiah Whitehead, G         |
| Paul Zipser, F              |
| Cody Martin, SF             |
| NAME                        |
| Mychal Mulder, G            |
| Jalen McDaniels, F          |
| Dewan Hernandez, F          |
| Anzejs Pasecniks, C         |
| Talen Horton-Tucker, SF     |
| Nigel Williams-Goss, G      |
| Luguentz Dort, G            |
| KZ Okpala, SF               |
| Terence Davis, G            |
| Miye Oni, SF                |
| NAME                        |
| Admiral Schofield, SF       |
| Isaiah Roby, PF             |
| Nic Claxton, C              |
| Naz Reid, C                 |
| Eric Paschall, F            |
| Jalen Lecque, G             |
| Rayjon Tucker, G            |
| Caleb Martin, F             |
| Ky Bowman, G                |
| Juwan Morgan, F             |
| NAME                        |
| Terance Mann, G             |
| Alen Smailagic, PF          |
| Jaylen Nowell, G            |
| Carsen Edwards, PG          |
| Vlatko Cancar, SF           |
| Daniel Gafford, F           |
| Dean Wade, F                |
| Matt Thomas, SG             |
| Javonte Green, G            |
| Justin James, G             |
| NAME                        |
| Bruno Fernando, F           |
| Chris Silva, F              |
| Chris Clemons, G            |
| Omri Casspi, F              |
| Isaiah Canaan, G            |
| Dwyane Wade, G              |
| Robert Woodard II, F        |
| Paul Watson, SG             |
| DaQuan Jeffries, SG         |
| Jae'Sean Tate, F            |
| NAME                        |
| Theo Pinson, G              |
| Zylan Cheatham, F           |
| Kelan Martin, SG            |
| Taj Gibson, F               |
| Elie Okobo, G               |
| Jaylen Adams, G             |
| Jemerrio Jones, F           |
| Dairis Bertans, G           |
| Yante Maten, F              |
| Tarik Phillip, G            |
| NAME                        |
| Dakari Johnson, C           |
| Kyle Collinsworth, G        |
| Jaylen Morris, F            |
| Brandon Paul, G             |
| Rodney Purvis, G            |
| David Stockton, G           |
| Zhou Qi, C                  |
| Aaron Jackson, F            |
| Ike Anigbogu, C             |
| Vernon Carey Jr., C         |
| NAME                        |
| Jabari Bird, G              |
| Ben Moore, F                |
| James Nunnally, SF          |
| Xavier Tillman, F           |
| Tyrell Terry, PG            |
| Alex Len, C                 |
| Noah Vonleh, PF             |
| Nick Young, G               |
| Nick Richards, C            |
| Jahmi'us Ramsey, PG         |
| NAME                        |
| Gorgui Dieng, C             |
| Paul Millsap, PF            |
| Ron Baker, G                |
| Daniel Oturu, C             |
| Jordan Nwora, SF            |
| Anthony Gill, F             |
| Stanton Kidd, SF            |
| Isaiah Joe, G               |
| Tre Jones, G                |
| Elijah Hughes, F            |
| NAME                        |
| KJ Martin, F                |
| CJ Elleby, SG               |
| Deividas Sirvydis, F        |
| Sam Merrill, G              |
| Max Strus, G                |
| Isaiah Briscoe, G           |
| Andre Drummond, C           |
| Blake Griffin, PF           |
| Oshae Brissett, SF          |
| Ersan Ilyasova, PF          |
| NAME                        |
| Chimezie Metu, PF           |
| Timothe Luwawu-Cabarrot, SG |
| Lamar Stevens, F            |
| Paul Reed, F                |
| Jeff Teague, PG             |
| Norvel Pelle, PF            |
| Dewayne Dedmon, C           |
| Nemanja Bjelica, PF         |
| Jabari Parker, PF           |
| Alize Johnson, F            |
| NAME                        |
| Tyler Cook, F               |
| Dion Waiters, G             |
| Juan Toscano-Anderson, F    |
| Yuta Watanabe, SF           |
| Anthony Tolliver, PF        |
| Tim Frazier, PG             |
| Khyri Thomas, SG            |
| Damian Jones, C             |
| DeMarcus Cousins, C         |
| Moritz Wagner, F            |
| NAME                        |
| Yogi Ferrell, PG            |
| Rondae Hollis Jefferson, SF |
| Jimmer Fredette, G          |
| Austin Rivers, SG           |
| Devonte' Graham, PG         |
| Mamadi Diakite, F           |
| Mfiondu Kabengele, C        |
| Naji Marshall, F            |
| Freddie Gillespie, SF       |
| Ignas Brazdeikis, SF        |
| NAME                        |
| Mike James, PG              |
| Elijah Bryant, SG           |
| Caleb Homesley, SG          |
| Charlie Brown Jr., G        |
| Omer Yurtseven, C           |
| Gary Payton II, G           |
| NAME                        |
| Stephen Curry, G            |
| Russell Westbrook, G        |
| Chris Paul, G               |
| James Harden, G             |
| John Wall, PG               |
| Kevin Durant, F             |
| LeBron James, F             |
| Paul George, F              |
| Klay Thompson, G            |
| Mike Conley, G              |
| NAME                        |
| Jimmy Butler III, F         |
| Kawhi Leonard, F            |
| Kemba Walker, PG            |
| Tobias Harris, F            |
| Khris Middleton, F          |
| Anthony Davis, F            |
| Kyrie Irving, G             |
| Damian Lillard, G           |
| Kevin Love, F               |
| Ben Simmons, PG             |
| NAME                        |
| Pascal Siakam, F            |
| Kyle Lowry, G               |
| Steven Adams, C             |
| Joel Embiid, C              |
| Andrew Wiggins, F           |
| Nikola Jokic, C             |
| Devin Booker, G             |
| Karl-Anthony Towns, C       |
| Kristaps Porzingis, C       |
| CJ McCollum, G              |
| NAME                        |
| Bradley Beal, G             |
| D'Angelo Russell, G         |
| Gordon Hayward, SF          |
| Otto Porter Jr., SF         |
| DeMar DeRozan, G            |
| Giannis Antetokounmpo, F    |
| Rudy Gobert, C              |
| Al Horford, C               |
| Jamal Murray, G             |
| Brandon Ingram, F           |
| NAME                        |
| Jrue Holiday, G             |
| Nikola Vucevic, C           |
| Chandler Parsons, SF        |
| Buddy Hield, G              |
| LaMarcus Aldridge, C        |
| Jaylen Brown, G             |
| Draymond Green, F           |
| Harrison Barnes, F          |
| Fred VanVleet, G            |
| Victor Oladipo, SG          |
| NAME                        |
| Malcolm Brogdon, G          |
| Domantas Sabonis, F         |
| Gary Harris, G              |
| Danilo Gallinari, PF        |
| Zach LaVine, G              |
| Jerami Grant, F             |
| Tim Hardaway Jr., G         |
| Julius Randle, F            |
| Terry Rozier, G             |
| Allen Crabbe, G             |
| NAME                        |
| Aaron Gordon, F             |
| Goran Dragic, PG            |
| Myles Turner, C             |
| Bogdan Bogdanovic, G        |
| Bojan Bogdanovic, SF        |
| Evan Fournier, SG           |
| Ricky Rubio, PG             |
| Eric Bledsoe, SG            |
| Eric Gordon, G              |
| Timofey Mozgov, C           |
| NAME                        |
| Caris LeVert, G             |
| Joe Harris, SF              |
| James Johnson, PF           |
| Dennis Schroder, G          |
| Clint Capela, C             |
| Cody Zeller, C              |
| Danny Green, F              |
| Davis Bertans, SF           |
| Andre Iguodala, F           |
| Jonas Valanciunas, C        |
| NAME                        |
| Marcus Morris Sr., F        |
| Luke Babbitt, F             |
| Rudy Gay, SF                |
| Kelly Oubre Jr., G          |
| Dejounte Murray, G          |
| Will Barton, G              |
| Marcin Gortat, C            |
| Thaddeus Young, F           |
| Patty Mills, PG             |
| Terrence Ross, G            |
| NAME                        |
| Marcus Smart, G             |
| Malik Beasley, SG           |
| Patrick Beverley, PG        |
| Christian Wood, F           |
| JJ Redick, SG               |
| Justise Winslow, PF         |
| Jusuf Nurkic, C             |
| Trevor Ariza, SF            |
| Courtney Lee, G             |
| Brook Lopez, C              |
| NAME                        |
| Cory Joseph, PG             |
| Kelly Olynyk, F             |
| Miles Plumlee, C            |
| T.J. Warren, SF             |
| Nikola Mirotic, F           |
| Tyreke Evans, G             |
| Markelle Fultz, PG          |
| Taurean Prince, F           |
| Tony Snell, SF              |
| Robert Covington, PF        |
| NAME                        |
| Kentavious Caldwell-Pope, G |
| Larry Nance Jr., F          |
| Zach Randolph, F            |
| Jordan Clarkson, G          |
| Spencer Dinwiddie, PG       |
| Dillon Brooks, F            |
| Omer Asik, C                |
| Dwight Powell, F            |
| Lonzo Ball, G               |
| Josh Richardson, SG         |
| NAME                        |
| Norman Powell, G            |
| Joe Ingles, F               |
| Jeremy Lamb, SG             |
| DeAndre Jordan, C           |
| Zion Williamson, F          |
| Rodney Hood, SG             |
| Tomas Satoransky, SG        |
| Darren Collison, PG         |
| Jayson Tatum, F             |
| Anthony Edwards, G          |
| NAME                        |
| Al-Farouq Aminu, SF         |
| Dante Exum, G               |
| George Hill, PG             |
| De'Anthony Melton, G        |
| Deandre Ayton, C            |
| Kyle Anderson, F            |
| Meyers Leonard, C           |
| Montrezl Harrell, C         |
| Jae Crowder, PF             |
| Serge Ibaka, F              |
| NAME                        |
| Derrick Jones Jr., F        |
| Tristan Thompson, C         |
| Derrick Favors, F           |
| Dario Saric, F              |
| Ja Morant, G                |
| Delon Wright, G             |
| Marvin Bagley III, F        |
| Cedi Osman, SF              |
| Tyus Jones, G               |
| James Wiseman, C            |
| NAME                        |
| Royce O'Neale, F            |
| Thomas Bryant, C            |
| CJ Miles, G                 |
| Maxi Kleber, F              |
| RJ Barrett, F               |
| Jakob Poeltl, C             |
| De'Aaron Fox, G             |
| Luka Doncic, G              |
| Mason Plumlee, C            |
| Lou Williams, SG            |
| NAME                        |
| P.J. Tucker, PF             |
| LaMelo Ball, G              |
| Seth Curry, SG              |
| Derrick Rose, PG            |
| Cristiano Felicio, PF       |
| Rajon Rondo, PG             |
| Darrell Arthur, F           |
| De'Andre Hunter, F          |
| Jonathan Isaac, F           |
| Doug McDermott, F           |
| NAME                        |
| Robin Lopez, C              |
| Jaren Jackson Jr., F        |
| JaMychal Green, F           |
| Patrick Williams, F         |
| Aron Baynes, C              |
| Darius Miller, SF           |
| Ivica Zubac, C              |
| Chris Boucher, F            |
| Lauri Markkanen, F          |
| Darius Garland, G           |
| NAME                        |
| D.J. Augustin, G            |
| Trae Young, G               |
| Juancho Hernangomez, PF     |
| Isaac Okoro, F              |
| Milos Teodosic, G           |
| Frank Ntilikina, PG         |
| Wesley Johnson, F           |
| Jarrett Culver, G           |
| Ish Smith, PG               |
| Alec Burks, SG              |
| NAME                        |
| Mo Bamba, C                 |
| Onyeka Okongwu, F           |
| Justin Holiday, F           |
| Jonathon Simmons, G         |
| Dennis Smith Jr., PG        |
| Avery Bradley, PG           |
| Coby White, G               |
| Trey Lyles, PF              |
| Alex Abrines, G             |
| Jason Smith, F              |
| NAME                        |
| Wendell Carter Jr., C       |
| Zach Collins, F             |
| Malik Monk, G               |
| Killian Hayes, G            |
| Alexis Ajinca, C            |
| Luke Kennard, G             |
| Donovan Mitchell, G         |
| Rodney McGruder, G          |
| Bam Adebayo, C              |
| Jaxson Hayes, C             |
| NAME                        |
| Richaun Holmes, F           |
| Mike Scott, PF              |
| Ed Davis, C                 |
| Enes Freedom, C             |
| Nerlens Noel, C             |
| Daniel Theis, C             |
| Dirk Nowitzki, F            |
| Kyle Singler, F             |
| Collin Sexton, G            |
| Pat Connaughton, G          |
| NAME                        |
| Obi Toppin, F               |
| Josh Jackson, SG            |
| Garrett Temple, G           |
| Kris Dunn, G                |
| Rui Hachimura, F            |
| Denzel Valentine, G         |
| Kevin Knox II, F            |
| D.J. Wilson, F              |
| Deni Avdija, F              |
| Kevon Looney, F             |
| NAME                        |
| Cam Reddish, SF             |
| T.J. Leaf, PF               |
| Jalen Smith, F              |
| JaVale McGee, C             |
| Reggie Bullock Jr., SF      |
| Mikal Bridges, G            |
| Shai Gilgeous-Alexander, G  |
| John Collins, F             |
| Nicolo Melli, PF            |
| Willie Cauley-Stein, C      |
| NAME                        |
| Devin Vassell, G            |
| Cameron Johnson, F          |
| P.J. Washington, F          |
| Patrick McCaw, SF           |
| Dorian Finney-Smith, F      |
| Terrance Ferguson, SF       |
| Miles Bridges, F            |
| Jevon Carter, G             |
| Jarrett Allen, C            |
| OG Anunoby, F               |
| NAME                        |
| Gabriel Deck, SF            |
| Tyrese Haliburton, G        |
| Stanley Johnson, SF         |
| Jake Layman, F              |
| Jerome Robinson, SG         |
| Danuel House Jr., SF        |
| Kira Lewis Jr., G           |
| Romeo Langford, SG          |
| Bobby Portis, F             |
| Maurice Harkless, SF        |
| NAME                        |
| Wesley Matthews, SG         |
| Kyle Kuzma, F               |
| Allonzo Trier, G            |
| Michael Porter Jr., F       |
| Tony Bradley, C             |
| Derrick White, G            |
| Bismack Biyombo, C          |
| Michael Beasley, F          |
| Luca Vildoza, G             |
| T.J. McConnell, G           |
| NAME                        |
| Boban Marjanovic, C         |
| Josh Hart, G                |
| Aaron Nesmith, G            |
| Sekou Doumbouya, SF         |
| Michael Carter-Williams, G  |
| James Ennis III, F          |
| Cole Anthony, G             |
| Troy Brown Jr., F           |
| Chuma Okeke, F              |
| Isaiah Stewart, F           |
| NAME                        |
| Nickeil Alexander-Walker, G |
| Patrick Patterson, PF       |
| Donte DiVincenzo, G         |
| Trey Burke, PG              |
| Khem Birch, C               |
| Ryan Arcidiacono, G         |
| Aleksej Pokusevski, F       |
| Goga Bitadze, C             |
| Luka Samanic, F             |
| Lonnie Walker IV, G         |
| NAME                        |
| Josh Green, G               |
| Kevin Huerter, G            |
| Alex Caruso, G              |
| Matisse Thybulle, G         |
| Saddiq Bey, G               |
| Josh Okogie, G              |
| Marko Guduric, G            |
| Brandon Clarke, F           |
| Precious Achiuwa, PF        |
| Tyler Herro, G              |
| NAME                        |
| Marc Gasol, C               |
| Nene Hilario, C             |
| Grayson Allen, G            |
| Manu Ginobili, G            |
| Grant Williams, F           |
| Tyrese Maxey, G             |
| Emeka Okafor, C             |
| Kendrick Perkins, C         |
| Chandler Hutchison, SF      |
| Tyler Zeller, C             |
| NAME                        |
| Aaron Holiday, G            |
| Darius Bazley, F            |
| Bryn Forbes, SG             |
| Ty Jerome, G                |
| Zeke Nnaji, F               |
| Mike Muscala, C             |
| Ben McLemore, SG            |
| Anfernee Simons, G          |
| Brad Wanamaker, PG          |
| Luke Kornet, C              |
| NAME                        |
| Brandon Jennings, G         |
| Nassir Little, SF           |
| Payton Pritchard, G         |
| R.J. Hampton, G             |
| Edmond Sumner, PG           |
| Dylan Windler, G            |
| Immanuel Quickley, G        |
| John Konchar, G             |
| Landry Shamet, G            |
| Jordan Poole, G             |
| NAME                        |
| Bol Bol, C                  |
| Sean Kilpatrick, G          |
| Keldon Johnson, F           |
| Robert Williams III, C      |
| Jacob Evans, G              |
| Kenrich Williams, G         |
| Theo Maledon, PG            |
| Damyean Dotson, SG          |
| Gary Clark, F               |
| Omari Rasulala Spellman, F  |
| NAME                        |
| Cameron Payne, PG           |
| Udoka Azubuike, C           |
| Jaden McDaniels, F          |
| Malachi Flynn, PG           |
| Desmond Bane, G             |
| Jontay Porter, C            |
| Jahlil Okafor, C            |
| Marquese Chriss, SF         |
| David Nwaba, SF             |
| DeAndre Liggins, G          |
| NAME                        |
| Georges Niang, F            |
| PJ Dozier, G                |
| Damion Lee, SG              |
| Furkan Korkmaz, SG          |
| Alfonzo McKinnie, F         |
| Abdel Nader, F              |
| Semi Ojeleye, PF            |
| DeAndre' Bembry, SG         |
| Kevin Porter Jr., G         |
| Shake Milton, SG            |
| NAME                        |
| Thanasis Antetokounmpo, F   |
| Brandon Goodwin, G          |
| Jonah Bolden, PF            |
| Wes Iwundu, F               |
| Dragan Bender, F            |
| Isaac Bonga, G              |
| Gary Trent Jr., G           |
| Bruce Brown, G              |
| Hamidou Diallo, G           |
| Kendrick Nunn, G            |
| NAME                        |
| Mitchell Robinson, C        |
| Jalen Brunson, G            |
| Keita Bates-Diop, SF        |
| Duncan Robinson, F          |
| Svi Mykhailiuk, G           |
| Jarred Vanderbilt, F        |
| Julyan Stone, G             |
| MarShon Brooks, G           |
| Wenyen Gabriel, F           |
| Shaquille Harrison, G       |
| NAME                        |
| Isaiah Taylor, G            |
| Hassan Whiteside, C         |
| Tyler Johnson, G            |
| Tyler Lydon, F              |
| Quinn Cook, PG              |
| Matthew Dellavedova, G      |
| Kent Bazemore, SF           |
| Drew Eubanks, F             |
| Isaiah Thomas, G            |
| Nicolas Batum, F            |
| NAME                        |
| E'Twaun Moore, G            |
| Isaiah Hartenstein, C       |
| Solomon Hill, SF            |
| Josh Gray, G                |
| Wilson Chandler, F          |
| Glenn Robinson III, F       |
| Udonis Haslem, PF           |
| Harry Giles III, PF         |
| Sterling Brown, SF          |
| Wayne Ellington, SG         |
| NAME                        |
| Jared Dudley, SF            |
| Dwight Howard, C            |
| Carmelo Anthony, PF         |
| JaKarr Sampson, SF          |
| Langston Galloway, SG       |
| Frank Kaminsky, F           |
| Ryan Anderson, PF           |
| Jeff Green, F               |
| Gerald Green, G             |
| Reggie Jackson, PG          |
| NAME                        |
| Markieff Morris, PF         |
| J.J. Barea, G               |
| Thon Maker, F               |
| Jarell Martin, F            |
| Raul Neto, PG               |
| Torrey Craig, SF            |
| Willy Hernangomez, C        |
| Joe Johnson, G              |
| Vince Carter, G             |
| Dwight Buycks, G            |
| NAME                        |
| Monte Morris, PG            |
| Antonio Blakeney, G         |
| Tyrone Wallace, G           |
| Malachi Richardson, G       |
| Georgios Papagiannis, C     |
| Chinanu Onuaku, C           |
| Wade Baldwin IV, G          |
| Isaiah Whitehead, G         |
| Paul Zipser, F              |
| Cody Martin, SF             |
| NAME                        |
| Mychal Mulder, G            |
| Jalen McDaniels, F          |
| Dewan Hernandez, F          |
| Anzejs Pasecniks, C         |
| Talen Horton-Tucker, SF     |
| Nigel Williams-Goss, G      |
| Luguentz Dort, G            |
| KZ Okpala, SF               |
| Terence Davis, G            |
| Miye Oni, SF                |
| NAME                        |
| Admiral Schofield, SF       |
| Isaiah Roby, PF             |
| Nic Claxton, C              |
| Naz Reid, C                 |
| Eric Paschall, F            |
| Jalen Lecque, G             |
| Rayjon Tucker, G            |
| Caleb Martin, F             |
| Ky Bowman, G                |
| Juwan Morgan, F             |
| NAME                        |
| Terance Mann, G             |
| Alen Smailagic, PF          |
| Jaylen Nowell, G            |
| Carsen Edwards, PG          |
| Vlatko Cancar, SF           |
| Daniel Gafford, F           |
| Dean Wade, F                |
| Matt Thomas, SG             |
| Javonte Green, G            |
| Justin James, G             |
| NAME                        |
| Bruno Fernando, F           |
| Chris Silva, F              |
| Chris Clemons, G            |
| Omri Casspi, F              |
| Isaiah Canaan, G            |
| Dwyane Wade, G              |
| Robert Woodard II, F        |
| Paul Watson, SG             |
| DaQuan Jeffries, SG         |
| Jae'Sean Tate, F            |
| NAME                        |
| Theo Pinson, G              |
| Zylan Cheatham, F           |
| Kelan Martin, SG            |
| Taj Gibson, F               |
| Elie Okobo, G               |
| Jaylen Adams, G             |
| Jemerrio Jones, F           |
| Dairis Bertans, G           |
| Yante Maten, F              |
| Tarik Phillip, G            |
| NAME                        |
| Dakari Johnson, C           |
| Kyle Collinsworth, G        |
| Jaylen Morris, F            |
| Brandon Paul, G             |
| Rodney Purvis, G            |
| David Stockton, G           |
| Zhou Qi, C                  |
| Aaron Jackson, F            |
| Ike Anigbogu, C             |
| Vernon Carey Jr., C         |
| NAME                        |
| Jabari Bird, G              |
| Ben Moore, F                |
| James Nunnally, SF          |
| Xavier Tillman, F           |
| Tyrell Terry, PG            |
| Alex Len, C                 |
| Noah Vonleh, PF             |
| Nick Young, G               |
| Nick Richards, C            |
| Jahmi'us Ramsey, PG         |
| NAME                        |
| Gorgui Dieng, C             |
| Paul Millsap, PF            |
| Ron Baker, G                |
| Daniel Oturu, C             |
| Jordan Nwora, SF            |
| Anthony Gill, F             |
| Stanton Kidd, SF            |
| Isaiah Joe, G               |
| Tre Jones, G                |
| Elijah Hughes, F            |
| NAME                        |
| KJ Martin, F                |
| CJ Elleby, SG               |
| Deividas Sirvydis, F        |
| Sam Merrill, G              |
| Max Strus, G                |
| Isaiah Briscoe, G           |
| Andre Drummond, C           |
| Blake Griffin, PF           |
| Oshae Brissett, SF          |
| Ersan Ilyasova, PF          |
| NAME                        |
| Chimezie Metu, PF           |
| Timothe Luwawu-Cabarrot, SG |
| Lamar Stevens, F            |
| Paul Reed, F                |
| Jeff Teague, PG             |
| Norvel Pelle, PF            |
| Dewayne Dedmon, C           |
| Nemanja Bjelica, PF         |
| Jabari Parker, PF           |
| Alize Johnson, F            |
| NAME                        |
| Tyler Cook, F               |
| Dion Waiters, G             |
| Juan Toscano-Anderson, F    |
| Yuta Watanabe, SF           |
| Anthony Tolliver, PF        |
| Tim Frazier, PG             |
| Khyri Thomas, SG            |
| Damian Jones, C             |
| DeMarcus Cousins, C         |
| Moritz Wagner, F            |
| NAME                        |
| Yogi Ferrell, PG            |
| Rondae Hollis Jefferson, SF |
| Jimmer Fredette, G          |
| Austin Rivers, SG           |
| Devonte' Graham, PG         |
| Mamadi Diakite, F           |
| Mfiondu Kabengele, C        |
| Naji Marshall, F            |
| Freddie Gillespie, SF       |
| Ignas Brazdeikis, SF        |
| NAME                        |
| Mike James, PG              |
| Elijah Bryant, SG           |
| Caleb Homesley, SG          |
| Charlie Brown Jr., G        |
| Omer Yurtseven, C           |
| Gary Payton II, G           |
| NAME                        |
| Stephen Curry, G            |
| Russell Westbrook, G        |
| Chris Paul, G               |
| James Harden, G             |
| John Wall, PG               |
| Kevin Durant, F             |
| LeBron James, F             |
| Paul George, F              |
| Klay Thompson, G            |
| Mike Conley, G              |
| NAME                        |
| Jimmy Butler III, F         |
| Kawhi Leonard, F            |
| Kemba Walker, PG            |
| Tobias Harris, F            |
| Khris Middleton, F          |
| Anthony Davis, F            |
| Kyrie Irving, G             |
| Damian Lillard, G           |
| Kevin Love, F               |
| Ben Simmons, PG             |
| NAME                        |
| Pascal Siakam, F            |
| Kyle Lowry, G               |
| Steven Adams, C             |
| Joel Embiid, C              |
| Andrew Wiggins, F           |
| Nikola Jokic, C             |
| Devin Booker, G             |
| Karl-Anthony Towns, C       |
| Kristaps Porzingis, C       |
| CJ McCollum, G              |
| NAME                        |
| Bradley Beal, G             |
| D'Angelo Russell, G         |
| Gordon Hayward, SF          |
| Otto Porter Jr., SF         |
| DeMar DeRozan, G            |
| Giannis Antetokounmpo, F    |
| Rudy Gobert, C              |
| Al Horford, C               |
| Jamal Murray, G             |
| Brandon Ingram, F           |
| NAME                        |
| Jrue Holiday, G             |
| Nikola Vucevic, C           |
| Chandler Parsons, SF        |
| Buddy Hield, G              |
| LaMarcus Aldridge, C        |
| Jaylen Brown, G             |
| Draymond Green, F           |
| Harrison Barnes, F          |
| Fred VanVleet, G            |
| Victor Oladipo, SG          |
| NAME                        |
| Malcolm Brogdon, G          |
| Domantas Sabonis, F         |
| Gary Harris, G              |
| Danilo Gallinari, PF        |
| Zach LaVine, G              |
| Jerami Grant, F             |
| Tim Hardaway Jr., G         |
| Julius Randle, F            |
| Terry Rozier, G             |
| Allen Crabbe, G             |
| NAME                        |
| Aaron Gordon, F             |
| Goran Dragic, PG            |
| Myles Turner, C             |
| Bogdan Bogdanovic, G        |
| Bojan Bogdanovic, SF        |
| Evan Fournier, SG           |
| Ricky Rubio, PG             |
| Eric Bledsoe, SG            |
| Eric Gordon, G              |
| Timofey Mozgov, C           |
| NAME                        |
| Caris LeVert, G             |
| Joe Harris, SF              |
| James Johnson, PF           |
| Dennis Schroder, G          |
| Clint Capela, C             |
| Cody Zeller, C              |
| Danny Green, F              |
| Davis Bertans, SF           |
| Andre Iguodala, F           |
| Jonas Valanciunas, C        |
| NAME                        |
| Marcus Morris Sr., F        |
| Luke Babbitt, F             |
| Rudy Gay, SF                |
| Kelly Oubre Jr., G          |
| Dejounte Murray, G          |
| Will Barton, G              |
| Marcin Gortat, C            |
| Thaddeus Young, F           |
| Patty Mills, PG             |
| Terrence Ross, G            |
| NAME                        |
| Marcus Smart, G             |
| Malik Beasley, SG           |
| Patrick Beverley, PG        |
| Christian Wood, F           |
| JJ Redick, SG               |
| Justise Winslow, PF         |
| Jusuf Nurkic, C             |
| Trevor Ariza, SF            |
| Courtney Lee, G             |
| Brook Lopez, C              |
| NAME                        |
| Cory Joseph, PG             |
| Kelly Olynyk, F             |
| Miles Plumlee, C            |
| T.J. Warren, SF             |
| Nikola Mirotic, F           |
| Tyreke Evans, G             |
| Markelle Fultz, PG          |
| Taurean Prince, F           |
| Tony Snell, SF              |
| Robert Covington, PF        |
| NAME                        |
| Kentavious Caldwell-Pope, G |
| Larry Nance Jr., F          |
| Zach Randolph, F            |
| Jordan Clarkson, G          |
| Spencer Dinwiddie, PG       |
| Dillon Brooks, F            |
| Omer Asik, C                |
| Dwight Powell, F            |
| Lonzo Ball, G               |
| Josh Richardson, SG         |
| NAME                        |
| Norman Powell, G            |
| Joe Ingles, F               |
| Jeremy Lamb, SG             |
| DeAndre Jordan, C           |
| Zion Williamson, F          |
| Rodney Hood, SG             |
| Tomas Satoransky, SG        |
| Darren Collison, PG         |
| Jayson Tatum, F             |
| Anthony Edwards, G          |
| NAME                        |
| Al-Farouq Aminu, SF         |
| Dante Exum, G               |
| George Hill, PG             |
| De'Anthony Melton, G        |
| Deandre Ayton, C            |
| Kyle Anderson, F            |
| Meyers Leonard, C           |
| Montrezl Harrell, C         |
| Jae Crowder, PF             |
| Serge Ibaka, F              |
| NAME                        |
| Derrick Jones Jr., F        |
| Tristan Thompson, C         |
| Derrick Favors, F           |
| Dario Saric, F              |
| Ja Morant, G                |
| Delon Wright, G             |
| Marvin Bagley III, F        |
| Cedi Osman, SF              |
| Tyus Jones, G               |
| James Wiseman, C            |
| NAME                        |
| Royce O'Neale, F            |
| Thomas Bryant, C            |
| CJ Miles, G                 |
| Maxi Kleber, F              |
| RJ Barrett, F               |
| Jakob Poeltl, C             |
| De'Aaron Fox, G             |
| Luka Doncic, G              |
| Mason Plumlee, C            |
| Lou Williams, SG            |
| NAME                        |
| P.J. Tucker, PF             |
| LaMelo Ball, G              |
| Seth Curry, SG              |
| Derrick Rose, PG            |
| Cristiano Felicio, PF       |
| Rajon Rondo, PG             |
| Darrell Arthur, F           |
| De'Andre Hunter, F          |
| Jonathan Isaac, F           |
| Doug McDermott, F           |
| NAME                        |
| Robin Lopez, C              |
| Jaren Jackson Jr., F        |
| JaMychal Green, F           |
| Patrick Williams, F         |
| Aron Baynes, C              |
| Darius Miller, SF           |
| Ivica Zubac, C              |
| Chris Boucher, F            |
| Lauri Markkanen, F          |
| Darius Garland, G           |
| NAME                        |
| D.J. Augustin, G            |
| Trae Young, G               |
| Juancho Hernangomez, PF     |
| Isaac Okoro, F              |
| Milos Teodosic, G           |
| Frank Ntilikina, PG         |
| Wesley Johnson, F           |
| Jarrett Culver, G           |
| Ish Smith, PG               |
| Alec Burks, SG              |
| NAME                        |
| Mo Bamba, C                 |
| Onyeka Okongwu, F           |
| Justin Holiday, F           |
| Jonathon Simmons, G         |
| Dennis Smith Jr., PG        |
| Avery Bradley, PG           |
| Coby White, G               |
| Trey Lyles, PF              |
| Alex Abrines, G             |
| Jason Smith, F              |
| NAME                        |
| Wendell Carter Jr., C       |
| Zach Collins, F             |
| Malik Monk, G               |
| Killian Hayes, G            |
| Alexis Ajinca, C            |
| Luke Kennard, G             |
| Donovan Mitchell, G         |
| Rodney McGruder, G          |
| Bam Adebayo, C              |
| Jaxson Hayes, C             |
| NAME                        |
| Richaun Holmes, F           |
| Mike Scott, PF              |
| Ed Davis, C                 |
| Enes Freedom, C             |
| Nerlens Noel, C             |
| Daniel Theis, C             |
| Dirk Nowitzki, F            |
| Kyle Singler, F             |
| Collin Sexton, G            |
| Pat Connaughton, G          |
| NAME                        |
| Obi Toppin, F               |
| Josh Jackson, SG            |
| Garrett Temple, G           |
| Kris Dunn, G                |
| Rui Hachimura, F            |
| Denzel Valentine, G         |
| Kevin Knox II, F            |
| D.J. Wilson, F              |
| Deni Avdija, F              |
| Kevon Looney, F             |
| NAME                        |
| Cam Reddish, SF             |
| T.J. Leaf, PF               |
| Jalen Smith, F              |
| JaVale McGee, C             |
| Reggie Bullock Jr., SF      |
| Mikal Bridges, G            |
| Shai Gilgeous-Alexander, G  |
| John Collins, F             |
| Nicolo Melli, PF            |
| Willie Cauley-Stein, C      |
| NAME                        |
| Devin Vassell, G            |
| Cameron Johnson, F          |
| P.J. Washington, F          |
| Patrick McCaw, SF           |
| Dorian Finney-Smith, F      |
| Terrance Ferguson, SF       |
| Miles Bridges, F            |
| Jevon Carter, G             |
| Jarrett Allen, C            |
| OG Anunoby, F               |
| NAME                        |
| Gabriel Deck, SF            |
| Tyrese Haliburton, G        |
| Stanley Johnson, SF         |
| Jake Layman, F              |
| Jerome Robinson, SG         |
| Danuel House Jr., SF        |
| Kira Lewis Jr., G           |
| Romeo Langford, SG          |
| Bobby Portis, F             |
| Maurice Harkless, SF        |
| NAME                        |
| Wesley Matthews, SG         |
| Kyle Kuzma, F               |
| Allonzo Trier, G            |
| Michael Porter Jr., F       |
| Tony Bradley, C             |
| Derrick White, G            |
| Bismack Biyombo, C          |
| Michael Beasley, F          |
| Luca Vildoza, G             |
| T.J. McConnell, G           |
| NAME                        |
| Boban Marjanovic, C         |
| Josh Hart, G                |
| Aaron Nesmith, G            |
| Sekou Doumbouya, SF         |
| Michael Carter-Williams, G  |
| James Ennis III, F          |
| Cole Anthony, G             |
| Troy Brown Jr., F           |
| Chuma Okeke, F              |
| Isaiah Stewart, F           |
| NAME                        |
| Nickeil Alexander-Walker, G |
| Patrick Patterson, PF       |
| Donte DiVincenzo, G         |
| Trey Burke, PG              |
| Khem Birch, C               |
| Ryan Arcidiacono, G         |
| Aleksej Pokusevski, F       |
| Goga Bitadze, C             |
| Luka Samanic, F             |
| Lonnie Walker IV, G         |
| NAME                        |
| Josh Green, G               |
| Kevin Huerter, G            |
| Alex Caruso, G              |
| Matisse Thybulle, G         |
| Saddiq Bey, G               |
| Josh Okogie, G              |
| Marko Guduric, G            |
| Brandon Clarke, F           |
| Precious Achiuwa, PF        |
| Tyler Herro, G              |
| NAME                        |
| Marc Gasol, C               |
| Nene Hilario, C             |
| Grayson Allen, G            |
| Manu Ginobili, G            |
| Grant Williams, F           |
| Tyrese Maxey, G             |
| Emeka Okafor, C             |
| Kendrick Perkins, C         |
| Chandler Hutchison, SF      |
| Tyler Zeller, C             |
| NAME                        |
| Aaron Holiday, G            |
| Darius Bazley, F            |
| Bryn Forbes, SG             |
| Ty Jerome, G                |
| Zeke Nnaji, F               |
| Mike Muscala, C             |
| Ben McLemore, SG            |
| Anfernee Simons, G          |
| Brad Wanamaker, PG          |
| Luke Kornet, C              |
| NAME                        |
| Brandon Jennings, G         |
| Nassir Little, SF           |
| Payton Pritchard, G         |
| R.J. Hampton, G             |
| Edmond Sumner, PG           |
| Dylan Windler, G            |
| Immanuel Quickley, G        |
| John Konchar, G             |
| Landry Shamet, G            |
| Jordan Poole, G             |
| NAME                        |
| Bol Bol, C                  |
| Sean Kilpatrick, G          |
| Keldon Johnson, F           |
| Robert Williams III, C      |
| Jacob Evans, G              |
| Kenrich Williams, G         |
| Theo Maledon, PG            |
| Damyean Dotson, SG          |
| Gary Clark, F               |
| Omari Rasulala Spellman, F  |
| NAME                        |
| Cameron Payne, PG           |
| Udoka Azubuike, C           |
| Jaden McDaniels, F          |
| Malachi Flynn, PG           |
| Desmond Bane, G             |
| Jontay Porter, C            |
| Jahlil Okafor, C            |
| Marquese Chriss, SF         |
| David Nwaba, SF             |
| DeAndre Liggins, G          |
| NAME                        |
| Georges Niang, F            |
| PJ Dozier, G                |
| Damion Lee, SG              |
| Furkan Korkmaz, SG          |
| Alfonzo McKinnie, F         |
| Abdel Nader, F              |
| Semi Ojeleye, PF            |
| DeAndre' Bembry, SG         |
| Kevin Porter Jr., G         |
| Shake Milton, SG            |
| NAME                        |
| Thanasis Antetokounmpo, F   |
| Brandon Goodwin, G          |
| Jonah Bolden, PF            |
| Wes Iwundu, F               |
| Dragan Bender, F            |
| Isaac Bonga, G              |
| Gary Trent Jr., G           |
| Bruce Brown, G              |
| Hamidou Diallo, G           |
| Kendrick Nunn, G            |
| NAME                        |
| Mitchell Robinson, C        |
| Jalen Brunson, G            |
| Keita Bates-Diop, SF        |
| Duncan Robinson, F          |
| Svi Mykhailiuk, G           |
| Jarred Vanderbilt, F        |
| Julyan Stone, G             |
| MarShon Brooks, G           |
| Wenyen Gabriel, F           |
| Shaquille Harrison, G       |
| NAME                        |
| Isaiah Taylor, G            |
| Hassan Whiteside, C         |
| Tyler Johnson, G            |
| Tyler Lydon, F              |
| Quinn Cook, PG              |
| Matthew Dellavedova, G      |
| Kent Bazemore, SF           |
| Drew Eubanks, F             |
| Isaiah Thomas, G            |
| Nicolas Batum, F            |
| NAME                        |
| E'Twaun Moore, G            |
| Isaiah Hartenstein, C       |
| Solomon Hill, SF            |
| Josh Gray, G                |
| Wilson Chandler, F          |
| Glenn Robinson III, F       |
| Udonis Haslem, PF           |
| Harry Giles III, PF         |
| Sterling Brown, SF          |
| Wayne Ellington, SG         |
| NAME                        |
| Jared Dudley, SF            |
| Dwight Howard, C            |
| Carmelo Anthony, PF         |
| JaKarr Sampson, SF          |
| Langston Galloway, SG       |
| Frank Kaminsky, F           |
| Ryan Anderson, PF           |
| Jeff Green, F               |
| Gerald Green, G             |
| Reggie Jackson, PG          |
| NAME                        |
| Markieff Morris, PF         |
| J.J. Barea, G               |
| Thon Maker, F               |
| Jarell Martin, F            |
| Raul Neto, PG               |
| Torrey Craig, SF            |
| Willy Hernangomez, C        |
| Joe Johnson, G              |
| Vince Carter, G             |
| Dwight Buycks, G            |
| NAME                        |
| Monte Morris, PG            |
| Antonio Blakeney, G         |
| Tyrone Wallace, G           |
| Malachi Richardson, G       |
| Georgios Papagiannis, C     |
| Chinanu Onuaku, C           |
| Wade Baldwin IV, G          |
| Isaiah Whitehead, G         |
| Paul Zipser, F              |
| Cody Martin, SF             |
| NAME                        |
| Mychal Mulder, G            |
| Jalen McDaniels, F          |
| Dewan Hernandez, F          |
| Anzejs Pasecniks, C         |
| Talen Horton-Tucker, SF     |
| Nigel Williams-Goss, G      |
| Luguentz Dort, G            |
| KZ Okpala, SF               |
| Terence Davis, G            |
| Miye Oni, SF                |
| NAME                        |
| Admiral Schofield, SF       |
| Isaiah Roby, PF             |
| Nic Claxton, C              |
| Naz Reid, C                 |
| Eric Paschall, F            |
| Jalen Lecque, G             |
| Rayjon Tucker, G            |
| Caleb Martin, F             |
| Ky Bowman, G                |
| Juwan Morgan, F             |
| NAME                        |
| Terance Mann, G             |
| Alen Smailagic, PF          |
| Jaylen Nowell, G            |
| Carsen Edwards, PG          |
| Vlatko Cancar, SF           |
| Daniel Gafford, F           |
| Dean Wade, F                |
| Matt Thomas, SG             |
| Javonte Green, G            |
| Justin James, G             |
| NAME                        |
| Bruno Fernando, F           |
| Chris Silva, F              |
| Chris Clemons, G            |
| Omri Casspi, F              |
| Isaiah Canaan, G            |
| Dwyane Wade, G              |
| Robert Woodard II, F        |
| Paul Watson, SG             |
| DaQuan Jeffries, SG         |
| Jae'Sean Tate, F            |
| NAME                        |
| Theo Pinson, G              |
| Zylan Cheatham, F           |
| Kelan Martin, SG            |
| Taj Gibson, F               |
| Elie Okobo, G               |
| Jaylen Adams, G             |
| Jemerrio Jones, F           |
| Dairis Bertans, G           |
| Yante Maten, F              |
| Tarik Phillip, G            |
| NAME                        |
| Dakari Johnson, C           |
| Kyle Collinsworth, G        |
| Jaylen Morris, F            |
| Brandon Paul, G             |
| Rodney Purvis, G            |
| David Stockton, G           |
| Zhou Qi, C                  |
| Aaron Jackson, F            |
| Ike Anigbogu, C             |
| Vernon Carey Jr., C         |
| NAME                        |
| Jabari Bird, G              |
| Ben Moore, F                |
| James Nunnally, SF          |
| Xavier Tillman, F           |
| Tyrell Terry, PG            |
| Alex Len, C                 |
| Noah Vonleh, PF             |
| Nick Young, G               |
| Nick Richards, C            |
| Jahmi'us Ramsey, PG         |
| NAME                        |
| Gorgui Dieng, C             |
| Paul Millsap, PF            |
| Ron Baker, G                |
| Daniel Oturu, C             |
| Jordan Nwora, SF            |
| Anthony Gill, F             |
| Stanton Kidd, SF            |
| Isaiah Joe, G               |
| Tre Jones, G                |
| Elijah Hughes, F            |
| NAME                        |
| KJ Martin, F                |
| CJ Elleby, SG               |
| Deividas Sirvydis, F        |
| Sam Merrill, G              |
| Max Strus, G                |
| Isaiah Briscoe, G           |
| Andre Drummond, C           |
| Blake Griffin, PF           |
| Oshae Brissett, SF          |
| Ersan Ilyasova, PF          |
| NAME                        |
| Chimezie Metu, PF           |
| Timothe Luwawu-Cabarrot, SG |
| Lamar Stevens, F            |
| Paul Reed, F                |
| Jeff Teague, PG             |
| Norvel Pelle, PF            |
| Dewayne Dedmon, C           |
| Nemanja Bjelica, PF         |
| Jabari Parker, PF           |
| Alize Johnson, F            |
| NAME                        |
| Tyler Cook, F               |
| Dion Waiters, G             |
| Juan Toscano-Anderson, F    |
| Yuta Watanabe, SF           |
| Anthony Tolliver, PF        |
| Tim Frazier, PG             |
| Khyri Thomas, SG            |
| Damian Jones, C             |
| DeMarcus Cousins, C         |
| Moritz Wagner, F            |
| NAME                        |
| Yogi Ferrell, PG            |
| Rondae Hollis Jefferson, SF |
| Jimmer Fredette, G          |
| Austin Rivers, SG           |
| Devonte' Graham, PG         |
| Mamadi Diakite, F           |
| Mfiondu Kabengele, C        |
| Naji Marshall, F            |
| Freddie Gillespie, SF       |
| Ignas Brazdeikis, SF        |
| NAME                        |
| Mike James, PG              |
| Elijah Bryant, SG           |
| Caleb Homesley, SG          |
| Charlie Brown Jr., G        |
| Omer Yurtseven, C           |
| Gary Payton II, G           |