Player,Player-additional
Russell Westbrook,westbru01
Bradley Beal,bealbr01
Rui Hachimura,hachiru01
Dāvis Bertāns,bertada01
Raul Neto,netora01
Robin Lopez,lopezro01
Deni Avdija,avdijde01
Garrison Mathews,mathega01
Ish Smith,smithis01
Alex Len,lenal01
Isaac Bonga,bongais01
Daniel Gafford,gaffoda01
Moritz Wagner,wagnemo01
Jerome Robinson,robinje01
Troy Brown Jr.,browntr01
Chandler Hutchison,hutchch01
Thomas Bryant,bryanth01
Anthony Gill,gillan01
Cassius Winston,winstca01
Jordan Bell,belljo01
Anžejs Pasečņiks,pasecan01
Andrew Wiggins,wiggian01
Stephen Curry,curryst01
Draymond Green,greendr01
Kelly Oubre Jr.,oubreke01
Kent Bazemore,bazemke01
Kevon Looney,looneke01
Juan Toscano-Anderson,toscaju01
Damion Lee,leeda03
Jordan Poole,poolejo01
James Wiseman,wisemja01
Mychal Mulder,muldemy01
Eric Paschall,pascher01
Brad Wanamaker,wanambr01
Nico Mannion,mannini01
Alen Smailagić,smailal01
Gary Payton II,paytoga02
Marquese Chriss,chrisma01
Jordan Bell,belljo01
Anthony Edwards,edwaran01
Ricky Rubio,rubiori01
Karl-Anthony Towns,townska01
Jaden McDaniels,mcdanja02
Naz Reid,reidna01
Malik Beasley,beaslma01
Josh Okogie,okogijo01
D'Angelo Russell,russeda01
Jarred Vanderbilt,vandeja01
Jordan McLaughlin,mclaujo01
Juancho Hernangómez,hernaju01
Jaylen Nowell,nowelja01
Jake Layman,laymaja01
Jarrett Culver,culveja01
Ed Davis,davised01
Ashton Hagans,haganas01
Théo Maledon,maledth01
Darius Bazley,bazleda01
Luguentz Dort,dortlu01
Kenrich Williams,willike04
Isaiah Roby,robyis01
Shai Gilgeous-Alexander,gilgesh01
Aleksej Pokusevski,pokusal01
Moses Brown,brownmo01
Ty Jerome,jeromty01
Al Horford,horfoal01
Hamidou Diallo,diallha01
Svi Mykhailiuk,mykhasv01
Mike Muscala,muscami01
Justin Jackson,jacksju01
Tony Bradley,bradlto01
George Hill,hillge01
Josh Hall,halljo01
Jaylen Hoard,hoardja01
Gabriel Deck,deckga01
Darius Miller,milleda01
Charlie Brown Jr.,brownch02
Justin Robinson,robinju01
Mikal Bridges,bridgmi01
Devin Booker,bookede01
Chris Paul,paulch01
Deandre Ayton,aytonde01
Jae Crowder,crowdja01
Cameron Johnson,johnsca02
Cameron Payne,payneca01
Dario Šarić,saricda01
Jevon Carter,carteje01
Frank Kaminsky,kaminfr01
Torrey Craig,craigto01
Langston Galloway,gallola01
E'Twaun Moore,mooreet01
Abdel Nader,naderab01
Jalen Smith,smithja04
Damian Jones,jonesda03
Ty-Shon Alexander,alexaty01
Dejounte Murray,murrade01
DeMar DeRozan,derozde01
Keldon Johnson,johnske04
Jakob Poeltl,poeltja01
Patty Mills,millspa02
Lonnie Walker IV,walkelo01
Rudy Gay,gayru01
Derrick White,whitede01
Devin Vassell,vassede01
Drew Eubanks,eubandr01
LaMarcus Aldridge,aldrila01
Trey Lyles,lylestr01
Luka Šamanić,samanlu01
Tre Jones,jonestr01
Keita Bates-Diop,bateske01
Gorgui Dieng,dienggo01
Quinndary Weatherspoon,weathqu01
Cameron Reynolds,reynoca01
Jae'Sean Tate,tateja01
Christian Wood,woodch01
John Wall,walljo01
Sterling Brown,brownst02
KJ Martin,martike04
P.J. Tucker,tuckepj01
Danuel House Jr.,houseda01
Kelly Olynyk,olynyke01
Kevin Porter Jr.,porteke02
Eric Gordon,gordoer01
David Nwaba,nwabada01
Victor Oladipo,oladivi01
Ben McLemore,mclembe01
Armoni Brooks,brookar01
DeMarcus Cousins,couside01
D.J. Augustin,augusdj01
Anthony Lamb,lamban01
Avery Bradley,bradlav01
D.J. Wilson,wilsodj01
Mason Jones,jonesma05
James Harden,hardeja01
DaQuan Jeffries,jeffrda01
Justin Patton,pattoju01
Khyri Thomas,thomakh01
Cameron Oliver,oliveca01
Rodions Kurucs,kurucro01
Bruno Caboclo,cabocbr01
Cameron Reynolds,reynoca01
Brodric Thomas,thomabr01
Ray Spalding,spaldra01
Pascal Siakam,siakapa01
Fred VanVleet,vanvlfr01
Kyle Lowry,lowryky01
Chris Boucher,bouchch01
OG Anunoby,anunoog01
Norman Powell,powelno01
Stanley Johnson,johnsst04
Aron Baynes,baynear01
DeAndre' Bembry,bembrde01
Malachi Flynn,flynnma01
Yuta Watanabe,watanyu01
Khem Birch,birchkh01
Gary Trent Jr.,trentga02
Terence Davis,daviste02
Freddie Gillespie,gillefr01
Paul Watson,watsopa01
Rodney Hood,hoodro01
Matt Thomas,thomama02
Jalen Harris,harrija01
Alex Len,lenal01
Henry Ellenson,ellenhe01
Patrick McCaw,mccawpa01
Saddiq Bey,beysa01
Jerami Grant,grantje01
Josh Jackson,jacksjo02
Mason Plumlee,plumlma01
Isaiah Stewart,stewais01
Delon Wright,wrighde01
Wayne Ellington,ellinwa01
Sekou Doumbouya,doumbse01
Saben Lee,leesa01
Frank Jackson,jacksfr01
Killian Hayes,hayeski01
Svi Mykhailiuk,mykhasv01
Blake Griffin,griffbl01
Cory Joseph,josepco01
Hamidou Diallo,diallha01
Tyler Cook,cookty01
Dennis Smith Jr.,smithde03
Jahlil Okafor,okafoja01
Derrick Rose,rosede01
Rodney McGruder,mcgruro01
Deividas Sirvydis,sirvyde01
Eric Bledsoe,bledser01
Brandon Ingram,ingrabr01
Zion Williamson,willizi01
Lonzo Ball,balllo01
Steven Adams,adamsst01
Josh Hart,hartjo01
Nickeil Alexander-Walker,alexani01
Jaxson Hayes,hayesja02
Kira Lewis Jr.,lewiski01
Willy Hernangómez,hernawi01
Naji Marshall,marshna01
JJ Redick,redicjj01
James Johnson,johnsja01
Wes Iwundu,iwundwe01
Nicolò Melli,mellini01
Wenyen Gabriel,gabriwe01
Sindarius Thornwell,thornsi01
Didi Louzada,louzama01
James Nunnally,nunnaja01
Isaiah Thomas,thomais02
Will Magnay,magnawi01
Domantas Sabonis,sabondo01
Justin Holiday,holidju01
Malcolm Brogdon,brogdma01
T.J. McConnell,mccontj01
Doug McDermott,mcderdo01
Myles Turner,turnemy01
Aaron Holiday,holidaa01
Caris LeVert,leverca01
Edmond Sumner,sumneed01
Jeremy Lamb,lambje01
Goga Bitadze,bitadgo01
Oshae Brissett,brissos01
Kelan Martin,martike03
JaKarr Sampson,sampsja02
Victor Oladipo,oladivi01
T.J. Warren,warretj01
Cassius Stanley,stanlca01
Amida Brimah,brimaam01
Brian Bowen,bowenbr02
Jalen Lecque,lecquja01
Nikola Jokić,jokicni01
Michael Porter Jr.,portemi01
Will Barton,bartowi01
Jamal Murray,murraja01
Facundo Campazzo,campafa01
Monte Morris,morrimo01
Paul Millsap,millspa01
JaMychal Green,greenja01
PJ Dozier,doziepj01
Aaron Gordon,gordoaa01
Gary Harris,harriga01
Austin Rivers,riverau01
Zeke Nnaji,nnajize01
Vlatko Čančar,cancavl01
Shaquille Harrison,harrish01
Isaiah Hartenstein,harteis01
R.J. Hampton,hamptrj01
Markus Howard,howarma02
JaVale McGee,mcgeeja01
Bol Bol,bolbo01
Greg Whittington,whittgr01
Gary Clark,clarkga01
Joe Harris,harrijo01
Kyrie Irving,irvinky01
Jeff Green,greenje02
Bruce Brown,brownbr01
Landry Shamet,shamela01
James Harden,hardeja01
DeAndre Jordan,jordade01
Kevin Durant,duranke01
Timothé Luwawu-Cabarrot,luwawti01
Tyler Johnson,johnsty01
Nic Claxton,claxtni01
Blake Griffin,griffbl01
Caris LeVert,leverca01
Jarrett Allen,allenja01
Mike James,jamesmi02
Chris Chiozza,chiozch01
Taurean Prince,princta02
Reggie Perry,perryre01
Alize Johnson,johnsal02
LaMarcus Aldridge,aldrila01
Spencer Dinwiddie,dinwisp01
Andre Roberson,roberan03
Norvel Pelle,pelleno01
Tyler Cook,cookty01
Rodions Kurucs,kurucro01
Iman Shumpert,shumpim01
Noah Vonleh,vonleno01
Luka Dončić,doncilu01
Tim Hardaway Jr.,hardati02
Dorian Finney-Smith,finnedo01
Josh Richardson,richajo01
Jalen Brunson,brunsja01
Maxi Kleber,klebima01
Kristaps Porziņģis,porzikr01
Dwight Powell,poweldw01
Trey Burke,burketr01
Willie Cauley-Stein,caulewi01
James Johnson,johnsja01
Josh Green,greenjo02
Nicolò Melli,mellini01
Wes Iwundu,iwundwe01
Boban Marjanović,marjabo01
JJ Redick,redicjj01
Nate Hinton,hintona01
Tyler Bey,beyty01
Tyrell Terry,terryty01
Dwayne Bacon,bacondw01
Nikola Vučević,vucevni01
Terrence Ross,rosste01
Cole Anthony,anthoco01
Chuma Okeke,okekech01
James Ennis III,ennisja01
Khem Birch,birchkh01
Chasson Randle,randlch01
Michael Carter-Williams,cartemi01
Evan Fournier,fournev01
Aaron Gordon,gordoaa01
Mo Bamba,bambamo01
R.J. Hampton,hamptrj01
Gary Clark,clarkga01
Wendell Carter Jr.,cartewe01
Gary Harris,harriga01
Al-Farouq Aminu,aminual01
Moritz Wagner,wagnemo01
Ignas Brazdeikis,brazdig01
Markelle Fultz,fultzma01
Jordan Bone,bonejo01
Donta Hall,halldo01
Sindarius Thornwell,thornsi01
Robert Franks,frankro01
Karim Mané,maneka01
Frank Mason III,masonfr01
Devin Cannady,cannade01
Otto Porter Jr.,porteot01
Dennis Schröder,schrode01
Kyle Kuzma,kuzmaky01
Kentavious Caldwell-Pope,caldwke01
Montrezl Harrell,harremo01
LeBron James,jamesle01
Talen Horton-Tucker,hortota01
Alex Caruso,carusal01
Markieff Morris,morrima02
Anthony Davis,davisan02
Wesley Matthews,matthwe02
Marc Gasol,gasolma01
Andre Drummond,drumman01
Ben McLemore,mclembe01
Alfonzo McKinnie,mckinal01
Damian Jones,jonesda03
Devontae Cacok,cacokde01
Jared Dudley,dudleja01
Quinn Cook,cookqu01
Kostas Antetokounmpo,antetko01
Julius Randle,randlju01
RJ Barrett,barrerj01
Reggie Bullock,bullore01
Nerlens Noel,noelne01
Elfrid Payton,paytoel01
Alec Burks,burksal01
Immanuel Quickley,quickim01
Derrick Rose,rosede01
Taj Gibson,gibsota01
Mitchell Robinson,robinmi01
Obi Toppin,toppiob01
Kevin Knox,knoxke01
Austin Rivers,riverau01
Frank Ntilikina,ntilila01
Norvel Pelle,pelleno01
Theo Pinson,pinsoth01
Dennis Smith Jr.,smithde03
Jared Harper,harpeja01
Ignas Brazdeikis,brazdig01
Buddy Hield,hieldbu01
Harrison Barnes,barneha02
De'Aaron Fox,foxde01
Richaun Holmes,holmeri01
Tyrese Haliburton,halibty01
Marvin Bagley III,baglema01
Cory Joseph,josepco01
Delon Wright,wrighde01
Maurice Harkless,harklma01
Terence Davis,daviste02
Hassan Whiteside,whiteha01
Chimezie Metu,metuch01
Nemanja Bjelica,bjeline01
Glenn Robinson III,robingl02
Damian Jones,jonesda03
Justin James,jamesju01
Kyle Guy,guyky01
DaQuan Jeffries,jeffrda01
Jahmi'us Ramsey,ramseja01
Louis King,kinglo02
Robert Woodard II,woodaro01
Jabari Parker,parkeja01
Chris Silva,silvach01
Norvel Pelle,pelleno01
Royce O'Neale,onealro01
Bojan Bogdanović,bogdabo02
Rudy Gobert,goberru01
Joe Ingles,inglejo01
Jordan Clarkson,clarkjo01
Donovan Mitchell,mitchdo01
Mike Conley,conlemi01
Georges Niang,niangge01
Derrick Favors,favorde01
Miye Oni,onimi01
Trent Forrest,forretr01
Ersan İlyasova,ilyaser01
Juwan Morgan,morgaju01
Jarrell Brantley,brantja01
Matt Thomas,thomama02
Elijah Hughes,hugheel01
Udoka Azubuike,azubuud01
Shaquille Harrison,harrish01
Terry Rozier,roziete01
P.J. Washington,washipj01
Miles Bridges,bridgmi02
Devonte' Graham,grahade01
Gordon Hayward,haywago01
LaMelo Ball,ballla01
Bismack Biyombo,biyombi01
Cody Zeller,zelleco01
Jalen McDaniels,mcdanja01
Malik Monk,monkma01
Cody Martin,martico01
Caleb Martin,martica02
Brad Wanamaker,wanambr01
Vernon Carey Jr.,careyve01
Nick Richards,richani01
Grant Riller,rillegr01
Nate Darling,darlina01
Duncan Robinson,robindu01
Bam Adebayo,adebaba01
Jimmy Butler,butleji01
Kendrick Nunn,nunnke01
Tyler Herro,herroty01
Andre Iguodala,iguodan01
Goran Dragić,dragigo01
Kelly Olynyk,olynyke01
Trevor Ariza,arizatr01
Precious Achiuwa,achiupr01
Gabe Vincent,vincega01
Max Strus,strusma01
KZ Okpala,okpalkz01
Avery Bradley,bradlav01
Dewayne Dedmon,dedmode01
Nemanja Bjelica,bjeline01
Maurice Harkless,harklma01
Victor Oladipo,oladivi01
Chris Silva,silvach01
Meyers Leonard,leoname01
Udonis Haslem,hasleud01
Kevin Huerter,huertke01
Trae Young,youngtr01
Clint Capela,capelca01
John Collins,collijo01
Solomon Hill,hillso01
Bogdan Bogdanović,bogdabo01
Danilo Gallinari,gallida01
Tony Snell,snellto01
Cam Reddish,reddica01
De'Andre Hunter,huntede01
Brandon Goodwin,goodwbr01
Onyeka Okongwu,okongon01
Lou Williams,willilo02
Rajon Rondo,rondora01
Nathan Knight,knighna01
Skylar Mays,mayssk01
Bruno Fernando,fernabr01
Kris Dunn,dunnkr01
Ja Morant,moranja01
Dillon Brooks,brookdi01
Kyle Anderson,anderky01
Jonas Valančiūnas,valanjo01
Desmond Bane,banede01
Brandon Clarke,clarkbr01
Grayson Allen,allengr01
Tyus Jones,jonesty01
Xavier Tillman Sr.,tillmxa01
De'Anthony Melton,meltode01
John Konchar,konchjo01
Justise Winslow,winslju01
Gorgui Dieng,dienggo01
Jaren Jackson Jr.,jacksja02
Killian Tillie,tilliki02
Sean McDermott,mcderse01
Tim Frazier,fraziti01
Jontay Porter,portejo01
Nicolas Batum,batumni01
Paul George,georgpa01
Kawhi Leonard,leonaka01
Ivica Zubac,zubaciv01
Reggie Jackson,jacksre01
Marcus Morris,morrima03
Terance Mann,mannte01
Luke Kennard,kennalu01
Serge Ibaka,ibakase01
Lou Williams,willilo02
Patrick Beverley,beverpa01
Patrick Patterson,pattepa01
Amir Coffey,coffeam01
Rajon Rondo,rondora01
DeMarcus Cousins,couside01
Daniel Oturu,oturuda01
Yogi Ferrell,ferreyo01
Mfiondu Kabengele,kabenmf01
Jay Scrubb,scrubja01
Malik Fitts,fittsma01
Jayson Tatum,tatumja01
Jaylen Brown,brownja02
Marcus Smart,smartma01
Kemba Walker,walkeke02
Tristan Thompson,thomptr01
Payton Pritchard,pritcpa01
Grant Williams,willigr01
Daniel Theis,theisda01
Robert Williams,williro04
Semi Ojeleye,ojelese01
Aaron Nesmith,nesmiaa01
Jeff Teague,teaguje01
Evan Fournier,fournev01
Javonte Green,greenja02
Romeo Langford,langfro01
Carsen Edwards,edwarca01
Luke Kornet,kornelu01
Tremont Waters,watertr01
Jabari Parker,parkeja01
Tacko Fall,fallta01
Moritz Wagner,wagnemo01
Isaac Okoro,okorois01
Collin Sexton,sextoco01
Darius Garland,garlada01
Jarrett Allen,allenja01
Cedi Osman,osmande01
Dean Wade,wadede01
Larry Nance Jr.,nancela02
Damyean Dotson,dotsoda01
Andre Drummond,drumman01
Taurean Prince,princta02
Kevin Love,loveke01
Dylan Windler,windldy01
JaVale McGee,mcgeeja01
Lamar Stevens,stevela01
Brodric Thomas,thomabr01
Isaiah Hartenstein,harteis01
Matthew Dellavedova,dellama01
Mfiondu Kabengele,kabenmf01
Dante Exum,exumda01
Quinn Cook,cookqu01
Thon Maker,makerth01
Jeremiah Martin,martije02
Yogi Ferrell,ferreyo01
Anderson Varejão,varejan01
Marques Bolden,boldema01
Coby White,whiteco01
Zach LaVine,lavinza01
Patrick Williams,willipa01
Thaddeus Young,youngth01
Garrett Temple,templga01
Lauri Markkanen,markkla01
Tomáš Satoranský,satorto01
Denzel Valentine,valende01
Nikola Vučević,vucevni01
Wendell Carter Jr.,cartewe01
Daniel Theis,theisda01
Otto Porter Jr.,porteot01
Ryan Arcidiacono,arcidry01
Daniel Gafford,gaffoda01
Troy Brown Jr.,browntr01
Javonte Green,greenja02
Luke Kornet,kornelu01
Cristiano Felício,feliccr01
Al-Farouq Aminu,aminual01
Chandler Hutchison,hutchch01
Adam Mokoka,mokokad01
Devon Dotson,dotsode01
Khris Middleton,middlkh01
Giannis Antetokounmpo,antetgi01
Jrue Holiday,holidjr01
Brook Lopez,lopezbr01
Donte DiVincenzo,divindo01
Pat Connaughton,connapa01
Bobby Portis,portibo01
Bryn Forbes,forbebr01
D.J. Augustin,augusdj01
Thanasis Antetokounmpo,antetth01
P.J. Tucker,tuckepj01
Jeff Teague,teaguje01
Jordan Nwora,nworajo01
Sam Merrill,merrisa01
Torrey Craig,craigto01
Mamadi Diakite,diakima01
D.J. Wilson,wilsodj01
Axel Toupane,toupaax01
Rodions Kurucs,kurucro01
Justin Jackson,jacksju01
Elijah Bryant,bryanel01
Jaylen Adams,adamsja01
Damian Lillard,lillada01
Robert Covington,covinro01
Enes Freedom,kanteen01
Carmelo Anthony,anthoca01
CJ McCollum,mccolcj01
Derrick Jones Jr.,jonesde02
Gary Trent Jr.,trentga02
Anfernee Simons,simonan01
Norman Powell,powelno01
Jusuf Nurkić,nurkiju01
Rodney Hood,hoodro01
Nassir Little,littlna01
Harry Giles,gilesha01
CJ Elleby,ellebcj01
Rondae Hollis-Jefferson,holliro01
Keljin Blevins,blevike01
T.J. Leaf,leaftj01
Tobias Harris,harrito02
Danny Green,greenda02
Ben Simmons,simmobe01
Seth Curry,curryse01
Joel Embiid,embiijo01
Shake Milton,miltosh01
Matisse Thybulle,thybuma01
Dwight Howard,howardw01
Furkan Korkmaz,korkmfu01
Tyrese Maxey,maxeyty01
Mike Scott,scottmi01
Isaiah Joe,joeis01
George Hill,hillge01
Tony Bradley,bradlto01
Paul Reed,reedpa01
Dakota Mathias,mathida01
Anthony Tolliver,tollian01
Rayjon Tucker,tuckera01
Terrance Ferguson,fergute01
Vincent Poirier,poirivi01
Mason Jones,jonesma05
Gary Clark,clarkga01
Ignas Brazdeikis,brazdig01
Kentavious Caldwell-Pope,caldwke01
Kyle Kuzma,kuzmaky01
Deni Avdija,avdijde01
Corey Kispert,kispeco01
Daniel Gafford,gaffoda01
Bradley Beal,bealbr01
Raul Neto,netora01
Spencer Dinwiddie,dinwisp01
Montrezl Harrell,harremo01
Rui Hachimura,hachiru01
Aaron Holiday,holidaa01
Ish Smith,smithis01
Dāvis Bertāns,bertada01
Kristaps Porziņģis,porzikr01
Anthony Gill,gillan01
Thomas Bryant,bryanth01
Tomáš Satoranský,satorto01
Isaiah Todd,toddis01
Cassius Winston,winstca01
Jordan Schakel,schakjo01
Vernon Carey Jr.,careyve01
Brad Wanamaker,wanambr01
Joel Ayayi,ayayijo01
Craig Sword,swordcr01
Greg Monroe,monrogr01
Alize Johnson,johnsal02
Tremont Waters,watertr01
Jordan Goodwin,goodwjo01
Jaime Echenique,echenja01
Andrew Wiggins,wiggian01
Jordan Poole,poolejo01
Stephen Curry,curryst01
Kevon Looney,looneke01
Otto Porter Jr.,porteot01
Draymond Green,greendr01
Damion Lee,leeda03
Gary Payton II,paytoga02
Jonathan Kuminga,kuminjo01
Nemanja Bjelica,bjeline01
Juan Toscano-Anderson,toscaju01
Klay Thompson,thompkl01
Moses Moody,moodymo01
Andre Iguodala,iguodan01
Chris Chiozza,chiozch01
Quinndary Weatherspoon,weathqu01
Jeff Dowtin Jr.,dowtije01
Karl-Anthony Towns,townska01
Anthony Edwards,edwaran01
D'Angelo Russell,russeda01
Malik Beasley,beaslma01
Jarred Vanderbilt,vandeja01
Jaden McDaniels,mcdanja02
Patrick Beverley,beverpa01
Naz Reid,reidna01
Taurean Prince,princta02
Jaylen Nowell,nowelja01
Jordan McLaughlin,mclaujo01
Josh Okogie,okogijo01
Nathan Knight,knighna01
Leandro Bolmaro,bolmale01
Jake Layman,laymaja01
Greg Monroe,monrogr01
McKinley Wright IV,wrighmc01
Chris Silva,silvach01
Shai Gilgeous-Alexander,gilgesh01
Darius Bazley,bazleda01
Josh Giddey,giddejo01
Luguentz Dort,dortlu01
Tre Mann,manntr01
Aleksej Pokusevski,pokusal01
Aaron Wiggins,wiggiaa01
Jeremiah Robinson-Earl,robinje02
Kenrich Williams,willike04
Isaiah Roby,robyis01
Théo Maledon,maledth01
Ty Jerome,jeromty01
Vit Krejci,krejcvi01
Derrick Favors,favorde01
Mike Muscala,muscami01
Lindy Waters III,waterli01
Olivier Sarr,sarrol01
Jaylen Hoard,hoardja01
Mamadi Diakite,diakima01
Zavier Simpson,simpsza01
Georgios Kalaitzakis,kalaige01
Paul Watson,watsopa01
Melvin Frazier,frazime01
Gabriel Deck,deckga01
Scotty Hopson,hopsosc01
Rob Edwards,edwarro01
Mikal Bridges,bridgmi01
Devin Booker,bookede01
Chris Paul,paulch01
Jae Crowder,crowdja01
Cameron Johnson,johnsca02
Deandre Ayton,aytonde01
Landry Shamet,shamela01
Cameron Payne,payneca01
JaVale McGee,mcgeeja01
Torrey Craig,craigto01
Elfrid Payton,paytoel01
Bismack Biyombo,biyombi01
Jalen Smith,smithja04
Ish Wainright,wainris01
Aaron Holiday,holidaa01
Frank Kaminsky,kaminfr01
Abdel Nader,naderab01
Gabriel Lundberg,lundbga01
Justin Jackson,jacksju01
Chandler Hutchison,hutchch01
Emanuel Terry,terryem01
M.J. Walker,walkemj01
Paris Bass,basspa01
Keldon Johnson,johnske04
Dejounte Murray,murrade01
Jakob Poeltl,poeltja01
Devin Vassell,vassede01
Lonnie Walker IV,walkelo01
Derrick White,whitede01
Doug McDermott,mcderdo01
Tre Jones,jonestr01
Joshua Primo,primojo01
Keita Bates-Diop,bateske01
Bryn Forbes,forbebr01
Drew Eubanks,eubandr01
Jock Landale,landajo01
Josh Richardson,richajo01
Zach Collins,colliza01
Thaddeus Young,youngth01
Joe Wieskamp,wieskjo01
Devontae Cacok,cacokde01
Tyler Johnson,johnsty01
Juancho Hernangómez,hernaju01
Romeo Langford,langfro01
Jaylen Morris,morrija01
Tomáš Satoranský,satorto01
Anthony Lamb,lamban01
Jalen Green,greenja05
Christian Wood,woodch01
Jae'Sean Tate,tateja01
Kevin Porter Jr.,porteke02
Garrison Mathews,mathega01
Eric Gordon,gordoer01
KJ Martin,martike04
Alperen Şengün,sengual01
Josh Christopher,chrisjo01
Armoni Brooks,brookar01
David Nwaba,nwabada01
Daniel Theis,theisda01
D.J. Augustin,augusdj01
Dennis Schröder,schrode01
Daishen Nix,nixda01
Usman Garuba,garubus01
Danuel House Jr.,houseda01
Bruno Fernando,fernabr01
Trevelin Queen,queentr01
Scottie Barnes,barnesc01
Pascal Siakam,siakapa01
Fred VanVleet,vanvlfr01
Gary Trent Jr.,trentga02
OG Anunoby,anunoog01
Precious Achiuwa,achiupr01
Chris Boucher,bouchch01
Khem Birch,birchkh01
Svi Mykhailiuk,mykhasv01
Dalano Banton,bantoda01
Malachi Flynn,flynnma01
Thaddeus Young,youngth01
Yuta Watanabe,watanyu01
Justin Champagnie,champju01
Armoni Brooks,brookar01
Goran Dragić,dragigo01
Isaac Bonga,bongais01
D.J. Wilson,wilsodj01
Tremont Waters,watertr01
Juwan Morgan,morgaju01
Daniel Oturu,oturuda01
David Johnson,johnsda08
Sam Dekker,dekkesa01
Saddiq Bey,beysa01
Cade Cunningham,cunnica01
Isaiah Stewart,stewais01
Killian Hayes,hayeski01
Cory Joseph,josepco01
Jerami Grant,grantje01
Hamidou Diallo,diallha01
Frank Jackson,jacksfr01
Trey Lyles,lylestr01
Kelly Olynyk,olynyke01
Rodney McGruder,mcgruro01
Josh Jackson,jacksjo02
Saben Lee,leesa01
Marvin Bagley III,baglema01
Luka Garza,garzalu01
Isaiah Livers,liveris01
Braxton Key,keybr01
Jamorko Pickett,pickeja01
Cassius Stanley,stanlca01
Derrick Walton,waltode01
Justin Robinson,robinju01
Carsen Edwards,edwarca01
Micah Potter,pottemi01
Cheick Diallo,diallch01
Deividas Sirvydis,sirvyde01
Trayvon Palmer,palmetr01
Jaysean Paige,paigeja01
Herbert Jones,joneshe01
Jonas Valančiūnas,valanjo01
Devonte' Graham,grahade01
Brandon Ingram,ingrabr01
Jaxson Hayes,hayesja02
Josh Hart,hartjo01
Nickeil Alexander-Walker,alexani01
Garrett Temple,templga01
CJ McCollum,mccolcj01
Trey Murphy III,murphtr02
Willy Hernangómez,hernawi01
Jose Alvarado,alvarjo01
Naji Marshall,marshna01
Tomáš Satoranský,satorto01
Gary Clark,clarkga01
Kira Lewis Jr.,lewiski01
Tony Snell,snellto01
Larry Nance Jr.,nancela02
Tyrone Wallace,wallaty01
Jared Harper,harpeja01
Alize Johnson,johnsal02
Didi Louzada,louzama01
Domantas Sabonis,sabondo01
Oshae Brissett,brissos01
Chris Duarte,duartch01
Justin Holiday,holidju01
Myles Turner,turnemy01
Caris LeVert,leverca01
Malcolm Brogdon,brogdma01
Torrey Craig,craigto01
Duane Washington Jr.,washidu02
Tyrese Haliburton,halibty01
Buddy Hield,hieldbu01
Lance Stephenson,stephla01
Goga Bitadze,bitadgo01
Terry Taylor,taylote01
T.J. McConnell,mccontj01
Jeremy Lamb,lambje01
Keifer Sykes,sykeske01
Jalen Smith,smithja04
Isaiah Jackson,jacksis01
Kelan Martin,martike03
Brad Wanamaker,wanambr01
Justin Anderson,anderju01
Tristan Thompson,thomptr01
Gabe York,yorkga01
Reggie Perry,perryre01
Nate Hinton,hintona01
DeJon Jarreau,jarrede01
Ahmad Caver,caverah01
Nikola Jokić,jokicni01
Aaron Gordon,gordoaa01
Will Barton,bartowi01
Monte Morris,morrimo01
Jeff Green,greenje02
Austin Rivers,riverau01
Bones Hyland,hylanbo01
Facundo Campazzo,campafa01
JaMychal Green,greenja01
Zeke Nnaji,nnajize01
Davon Reed,reedda01
Bryn Forbes,forbebr01
DeMarcus Cousins,couside01
PJ Dozier,doziepj01
Michael Porter Jr.,portemi01
Vlatko Čančar,cancavl01
Markus Howard,howarma02
Bol Bol,bolbo01
Petr Cornelie,cornepe01
Rayjon Tucker,tuckera01
James Ennis III,ennisja01
Carlik Jones,jonesca03
Patty Mills,millspa02
Kevin Durant,duranke01
Bruce Brown,brownbr01
James Harden,hardeja01
James Johnson,johnsja01
Cam Thomas,thomaca02
Kyrie Irving,irvinky01
LaMarcus Aldridge,aldrila01
Kessler Edwards,edwarke02
Nic Claxton,claxtni01
Blake Griffin,griffbl01
DeAndre' Bembry,bembrde01
Seth Curry,curryse01
Jevon Carter,carteje01
Andre Drummond,drumman01
Joe Harris,harrijo01
Goran Dragić,dragigo01
Day'Ron Sharpe,sharpda01
David Duke Jr.,dukeda01
Paul Millsap,millspa01
Langston Galloway,gallola01
Shaquille Harrison,harrish01
James Ennis III,ennisja01
Wenyen Gabriel,gabriwe01
Dorian Finney-Smith,finnedo01
Jalen Brunson,brunsja01
Luka Dončić,doncilu01
Reggie Bullock,bullore01
Dwight Powell,poweldw01
Maxi Kleber,klebima01
Tim Hardaway Jr.,hardati02
Josh Green,greenjo02
Kristaps Porziņģis,porzikr01
Frank Ntilikina,ntilila01
Spencer Dinwiddie,dinwisp01
Sterling Brown,brownst02
Trey Burke,burketr01
Marquese Chriss,chrisma01
Dāvis Bertāns,bertada01
Willie Cauley-Stein,caulewi01
Moses Brown,brownmo01
Theo Pinson,pinsoth01
Boban Marjanović,marjabo01
Brandon Knight,knighbr03
Carlik Jones,jonesca03
George King,kingge03
Eugene Omoruyi,omorueu01
Charlie Brown Jr.,brownch02
Isaiah Thomas,thomais02
Moses Wright,wrighmo01
JaQuori McLaughlin,mclauja01
Franz Wagner,wagnefr01
Cole Anthony,anthoco01
Wendell Carter Jr.,cartewe01
Mo Bamba,bambamo01
Chuma Okeke,okekech01
Gary Harris,harriga01
Terrence Ross,rosste01
R.J. Hampton,hamptrj01
Jalen Suggs,suggsja01
Moritz Wagner,wagnemo01
Robin Lopez,lopezro01
Ignas Brazdeikis,brazdig01
Admiral Schofield,schofad01
Markelle Fultz,fultzma01
Tim Frazier,fraziti01
Mychal Mulder,muldemy01
Hassani Gravett,graveha01
Devin Cannady,cannade01
Freddie Gillespie,gillefr01
Jeff Dowtin Jr.,dowtije01
Aleem Ford,fordal03
B.J. Johnson,johnsbj01
Russell Westbrook,westbru01
Malik Monk,monkma01
LeBron James,jamesle01
Carmelo Anthony,anthoca01
Talen Horton-Tucker,hortota01
Austin Reaves,reaveau01
Avery Bradley,bradlav01
Anthony Davis,davisan02
Stanley Johnson,johnsst04
Dwight Howard,howardw01
Wayne Ellington,ellinwa01
Kent Bazemore,bazemke01
Trevor Ariza,arizatr01
DeAndre Jordan,jordade01
D.J. Augustin,augusdj01
Wenyen Gabriel,gabriwe01
Rajon Rondo,rondora01
Isaiah Thomas,thomais02
Mason Jones,jonesma05
Darren Collison,collida01
Mac McClung,mccluma01
Chaundee Brown Jr.,brownch05
Jay Huff,huffja01
Sekou Doumbouya,doumbse01
Jemerrio Jones,jonesje01
Julius Randle,randlju01
RJ Barrett,barrerj01
Evan Fournier,fournev01
Alec Burks,burksal01
Mitchell Robinson,robinmi01
Immanuel Quickley,quickim01
Obi Toppin,toppiob01
Kemba Walker,walkeke02
Taj Gibson,gibsota01
Quentin Grimes,grimequ01
Derrick Rose,rosede01
Nerlens Noel,noelne01
Jericho Sims,simsje01
Miles McBride,mcbrimi01
Cam Reddish,reddica01
Kevin Knox,knoxke01
Ryan Arcidiacono,arcidry01
Damyean Dotson,dotsoda01
Wayne Selden,seldewa01
Feron Hunt,huntfe01
Danuel House Jr.,houseda01
Matt Mooney,moonema01
Tyler Hall,hallty01
Harrison Barnes,barneha02
De'Aaron Fox,foxde01
Davion Mitchell,mitchda01
Tyrese Haliburton,halibty01
Buddy Hield,hieldbu01
Chimezie Metu,metuch01
Richaun Holmes,holmeri01
Damian Jones,jonesda03
Maurice Harkless,harklma01
Donte DiVincenzo,divindo01
Marvin Bagley III,baglema01
Justin Holiday,holidju01
Alex Len,lenal01
Trey Lyles,lylestr01
Terence Davis,daviste02
Domantas Sabonis,sabondo01
Tristan Thompson,thomptr01
Jeremy Lamb,lambje01
Jahmi'us Ramsey,ramseja01
Josh Jackson,jacksjo02
Neemias Queta,quetane01
Louis King,kinglo02
Robert Woodard II,woodaro01
Justin Robinson,robinju01
Emmanuel Mudiay,mudiaem01
Ade Murkey,murkead01
Royce O'Neale,onealro01
Donovan Mitchell,mitchdo01
Jordan Clarkson,clarkjo01
Bojan Bogdanović,bogdabo02
Rudy Gobert,goberru01
Mike Conley,conlemi01
Hassan Whiteside,whiteha01
Joe Ingles,inglejo01
Rudy Gay,gayru01
Trent Forrest,forretr01
Eric Paschall,pascher01
Danuel House Jr.,houseda01
Jared Butler,butleja02
Juancho Hernangómez,hernaju01
Udoka Azubuike,azubuud01
Nickeil Alexander-Walker,alexani01
Elijah Hughes,hugheel01
Miye Oni,onimi01
Malik Fitts,fittsma01
Xavier Sneed,sneedxa01
Greg Monroe,monrogr01
Norvel Pelle,pelleno01
Denzel Valentine,valende01
Zylan Cheatham,cheatzy01
Miles Bridges,bridgmi02
Terry Rozier,roziete01
LaMelo Ball,ballla01
Kelly Oubre Jr.,oubreke01
Cody Martin,martico01
Mason Plumlee,plumlma01
P.J. Washington,washipj01
Gordon Hayward,haywago01
Jalen McDaniels,mcdanja01
Montrezl Harrell,harremo01
Ish Smith,smithis01
Nick Richards,richani01
James Bouknight,bouknja01
JT Thor,thorjt01
Isaiah Thomas,thomais02
Kai Jones,joneska01
Vernon Carey Jr.,careyve01
Scottie Lewis,lewissc01
Arnoldas Kulboka,kulboar01
Tyler Herro,herroty01
Kyle Lowry,lowryky01
Duncan Robinson,robindu01
P.J. Tucker,tuckepj01
Jimmy Butler,butleji01
Bam Adebayo,adebaba01
Gabe Vincent,vincega01
Max Strus,strusma01
Caleb Martin,martica02
Dewayne Dedmon,dedmode01
Omer Yurtseven,yurtsom01
Markieff Morris,morrima02
KZ Okpala,okpalkz01
Kyle Guy,guyky01
Victor Oladipo,oladivi01
Haywood Highsmith,highsha01
Marcus Garrett,garrema01
Chris Silva,silvach01
Udonis Haslem,hasleud01
Mychal Mulder,muldemy01
Javonte Smart,smartja01
Nik Stauskas,stausni01
Trae Young,youngtr01
Kevin Huerter,huertke01
Clint Capela,capelca01
Bogdan Bogdanović,bogdabo01
Danilo Gallinari,gallida01
John Collins,collijo01
De'Andre Hunter,huntede01
Delon Wright,wrighde01
Onyeka Okongwu,okongon01
Lou Williams,willilo02
Cam Reddish,reddica01
Timothé Luwawu-Cabarrot,luwawti01
Gorgui Dieng,dienggo01
Skylar Mays,mayssk01
Solomon Hill,hillso01
Jalen Johnson,johnsja05
Kevin Knox,knoxke01
Chaundee Brown Jr.,brownch05
Wes Iwundu,iwundwe01
Lance Stephenson,stephla01
Malcolm Hill,hillma01
Cameron Oliver,oliveca01
Sharife Cooper,coopesh01
Cat Barber,barbeca01
Desmond Bane,banede01
Jaren Jackson Jr.,jacksja02
Steven Adams,adamsst01
Ja Morant,moranja01
De'Anthony Melton,meltode01
Tyus Jones,jonesty01
Kyle Anderson,anderky01
Ziaire Williams,willizi02
John Konchar,konchjo01
Brandon Clarke,clarkbr01
Dillon Brooks,brookdi01
Xavier Tillman Sr.,tillmxa01
Killian Tillie,tilliki02
Santi Aldama,aldamsa01
Jarrett Culver,culveja01
Yves Pons,ponsyv01
Sam Merrill,merrisa01
Dakota Mathias,mathida01
Shaq Buchanan,buchash01
DaQuan Jeffries,jeffrda01
Xavier Sneed,sneedxa01
Jon Teske,teskejo01
Tyrell Terry,terryty01
Reggie Jackson,jacksre01
Terance Mann,mannte01
Luke Kennard,kennalu01
Ivica Zubac,zubaciv01
Amir Coffey,coffeam01
Marcus Morris,morrima03
Nicolas Batum,batumni01
Eric Bledsoe,bledser01
Isaiah Hartenstein,harteis01
Paul George,georgpa01
Brandon Boston Jr.,bostobr01
Serge Ibaka,ibakase01
Robert Covington,covinro01
Justise Winslow,winslju01
Xavier Moon,moonxa01
Keon Johnson,johnske07
Rodney Hood,hoodro01
Norman Powell,powelno01
Jay Scrubb,scrubja01
Semi Ojeleye,ojelese01
Wenyen Gabriel,gabriwe01
James Ennis III,ennisja01
Moses Wright,wrighmo01
Jayson Tatum,tatumja01
Marcus Smart,smartma01
Jaylen Brown,brownja02
Al Horford,horfoal01
Grant Williams,willigr01
Robert Williams,williro04
Dennis Schröder,schrode01
Josh Richardson,richajo01
Payton Pritchard,pritcpa01
Romeo Langford,langfro01
Derrick White,whitede01
Aaron Nesmith,nesmiaa01
Enes Freedom,kanteen01
Daniel Theis,theisda01
Sam Hauser,hausesa01
Jabari Parker,parkeja01
Juancho Hernangómez,hernaju01
Luke Kornet,kornelu01
Brodric Thomas,thomabr01
Bruno Fernando,fernabr01
Malik Fitts,fittsma01
Nik Stauskas,stausni01
Kelan Martin,martike03
Matt Ryan,ryanma01
Juwan Morgan,morgaju01
C.J. Miles,milescj01
Joe Johnson,johnsjo02
Justin Jackson,jacksju01
Darius Garland,garlada01
Evan Mobley,mobleev01
Isaac Okoro,okorois01
Lauri Markkanen,markkla01
Jarrett Allen,allenja01
Kevin Love,loveke01
Cedi Osman,osmande01
Lamar Stevens,stevela01
Dean Wade,wadede01
Ricky Rubio,rubiori01
Caris LeVert,leverca01
Brandon Goodwin,goodwbr01
Dylan Windler,windldy01
Rajon Rondo,rondora01
Collin Sexton,sextoco01
Denzel Valentine,valende01
Ed Davis,davised01
Moses Brown,brownmo01
Kevin Pangos,pangoke01
RJ Nembhard Jr.,nembhrj01
Tacko Fall,fallta01
Justin Anderson,anderju01
Luke Kornet,kornelu01
Tre Scott,scotttr01
Malik Newman,newmama01
Tim Frazier,fraziti01
DeMar DeRozan,derozde01
Nikola Vučević,vucevni01
Zach LaVine,lavinza01
Ayo Dosunmu,dosunay01
Coby White,whiteco01
Javonte Green,greenja02
Lonzo Ball,balllo01
Alex Caruso,carusal01
Troy Brown Jr.,browntr01
Derrick Jones Jr.,jonesde02
Tony Bradley,bradlto01
Matt Thomas,thomama02
Patrick Williams,willipa01
Tristan Thompson,thomptr01
Alfonzo McKinnie,mckinal01
Tyler Cook,cookty01
Malcolm Hill,hillma01
Alize Johnson,johnsal02
Devon Dotson,dotsode01
Marko Simonovic,simonma01
Mac McClung,mccluma01
Jordan Bell,belljo01
Jrue Holiday,holidjr01
Giannis Antetokounmpo,antetgi01
Khris Middleton,middlkh01
Bobby Portis,portibo01
Grayson Allen,allengr01
Pat Connaughton,connapa01
George Hill,hillge01
Jordan Nwora,nworajo01
Wesley Matthews,matthwe02
Rodney Hood,hoodro01
Thanasis Antetokounmpo,antetth01
Sandro Mamukelashvili,mamuksa01
Jevon Carter,carteje01
Donte DiVincenzo,divindo01
Serge Ibaka,ibakase01
Semi Ojeleye,ojelese01
Brook Lopez,lopezbr01
DeMarcus Cousins,couside01
Lindell Wigginton,wiggili01
Justin Robinson,robinju01
Javonte Smart,smartja01
DeAndre' Bembry,bembrde01
Greg Monroe,monrogr01
Langston Galloway,gallola01
Georgios Kalaitzakis,kalaige01
Rayjon Tucker,tuckera01
Luke Kornet,kornelu01
Jeff Dowtin Jr.,dowtije01
Javin DeLaurier,delauja01
Anfernee Simons,simonan01
Jusuf Nurkić,nurkiju01
Robert Covington,covinro01
Norman Powell,powelno01
Ben McLemore,mclembe01
CJ McCollum,mccolcj01
CJ Elleby,ellebcj01
Nassir Little,littlna01
Damian Lillard,lillada01
Trendon Watford,watfotr01
Larry Nance Jr.,nancela02
Drew Eubanks,eubandr01
Greg Brown III,browngr01
Brandon Williams,willibr03
Dennis Smith Jr.,smithde03
Keon Johnson,johnske07
Tony Snell,snellto01
Josh Hart,hartjo01
Cody Zeller,zelleco01
Keljin Blevins,blevike01
Kris Dunn,dunnkr01
Elijah Hughes,hugheel01
Justise Winslow,winslju01
Reggie Perry,perryre01
Didi Louzada,louzama01
Cameron McGriff,mcgrica01
Jarron Cumberland,cumbeja01
Tyrese Maxey,maxeyty01
Tobias Harris,harrito02
Joel Embiid,embiijo01
Georges Niang,niangge01
Matisse Thybulle,thybuma01
Seth Curry,curryse01
Furkan Korkmaz,korkmfu01
Danny Green,greenda02
Shake Milton,miltosh01
Andre Drummond,drumman01
James Harden,hardeja01
Isaiah Joe,joeis01
Paul Reed,reedpa01
DeAndre Jordan,jordade01
Charles Bassey,bassech01
Charlie Brown Jr.,brownch02
Paul Millsap,millspa01
Myles Powell,powelmy01
Tyler Johnson,johnsty01
Aaron Henry,henryaa01
Braxton Key,keybr01
Jaden Springer,sprinja01
Willie Cauley-Stein,caulewi01
Kyle Kuzma,kuzmaky01
Kristaps Porziņģis,porzikr01
Corey Kispert,kispeco01
Deni Avdija,avdijde01
Monte Morris,morrimo01
Bradley Beal,bealbr01
Daniel Gafford,gaffoda01
Delon Wright,wrighde01
Jordan Goodwin,goodwjo01
Will Barton,bartowi01
Rui Hachimura,hachiru01
Anthony Gill,gillan01
Taj Gibson,gibsota01
Kendrick Nunn,nunnke01
Johnny Davis,davisjo06
Quenton Jackson,jacksqu01
Xavier Cooks,cooksxa01
Jay Huff,huffja01
Isaiah Todd,toddis01
Devon Dotson,dotsode01
Vernon Carey Jr.,careyve01
Jamaree Bouyea,bouyeja01
Jordan Schakel,schakjo01
Jordan Poole,poolejo01
Draymond Green,greendr01
Klay Thompson,thompkl01
Kevon Looney,looneke01
Stephen Curry,curryst01
Donte DiVincenzo,divindo01
Jonathan Kuminga,kuminjo01
Anthony Lamb,lamban01
Andrew Wiggins,wiggian01
Moses Moody,moodymo01
Ty Jerome,jeromty01
JaMychal Green,greenja01
James Wiseman,wisemja01
Patrick Baldwin Jr.,baldwpa01
Andre Iguodala,iguodan01
Gary Payton II,paytoga02
Ryan Rollins,rolliry01
Lester Quiñones,quinole01
Anthony Edwards,edwaran01
Jaden McDaniels,mcdanja02
Rudy Gobert,goberru01
Kyle Anderson,anderky01
D'Angelo Russell,russeda01
Jaylen Nowell,nowelja01
Naz Reid,reidna01
Taurean Prince,princta02
Austin Rivers,riverau01
Karl-Anthony Towns,townska01
Mike Conley,conlemi01
Jordan McLaughlin,mclaujo01
Nickeil Alexander-Walker,alexani01
Nathan Knight,knighna01
Bryn Forbes,forbebr01
Luka Garza,garzalu01
Matt Ryan,ryanma01
Wendell Moore Jr.,moorewe01
Josh Minott,minotjo01
A.J. Lawson,lawsoaj01
Shai Gilgeous-Alexander,gilgesh01
Josh Giddey,giddejo01
Jalen Williams,willija06
Luguentz Dort,dortlu01
Isaiah Joe,joeis01
Aaron Wiggins,wiggiaa01
Kenrich Williams,willike04
Tre Mann,manntr01
Jaylin Williams,willija07
Jeremiah Robinson-Earl,robinje02
Aleksej Pokusevski,pokusal01
Mike Muscala,muscami01
Ousmane Dieng,diengou01
Darius Bazley,bazleda01
Lindy Waters III,waterli01
Dario Šarić,saricda01
Eugene Omoruyi,omorueu01
Olivier Sarr,sarrol01
Jared Butler,butleja02
Mikal Bridges,bridgmi01
Deandre Ayton,aytonde01
Torrey Craig,craigto01
Chris Paul,paulch01
Devin Booker,bookede01
Damion Lee,leeda03
Josh Okogie,okogijo01
Jock Landale,landajo01
Cameron Payne,payneca01
Ish Wainright,wainris01
Bismack Biyombo,biyombi01
Landry Shamet,shamela01
Dario Šarić,saricda01
Cameron Johnson,johnsca02
Duane Washington Jr.,washidu02
Terrence Ross,rosste01
Saben Lee,leesa01
Kevin Durant,duranke01
T.J. Warren,warretj01
Darius Bazley,bazleda01
Keldon Johnson,johnske04
Tre Jones,jonestr01
Malaki Branham,branhma01
Jeremy Sochan,sochaje01
Keita Bates-Diop,bateske01
Zach Collins,colliza01
Doug McDermott,mcderdo01
Jakob Poeltl,poeltja01
Devin Vassell,vassede01
Josh Richardson,richajo01
Romeo Langford,langfro01
Blake Wesley,weslebl01
Devonte' Graham,grahade01
Charles Bassey,bassech01
Isaiah Roby,robyis01
Stanley Johnson,johnsst04
Sandro Mamukelashvili,mamuksa01
Dominick Barlow,barlodo01
Gorgui Dieng,dienggo01
Julian Champagnie,champju02
Joshua Primo,primojo01
Jordan Hall,halljo02
Alize Johnson,johnsal02
Jalen Green,greenja05
Jabari Smith Jr.,smithja05
KJ Martin,martike04
Alperen Şengün,sengual01
Kevin Porter Jr.,porteke02
Tari Eason,easonta01
Eric Gordon,gordoer01
Usman Garuba,garubus01
Daishen Nix,nixda01
Josh Christopher,chrisjo01
Jae'Sean Tate,tateja01
Garrison Mathews,mathega01
TyTy Washington Jr.,washity02
Bruno Fernando,fernabr01
Boban Marjanović,marjabo01
Frank Kaminsky,kaminfr01
Trevor Hudgins,hudgitr01
Darius Days,daysda01
Scottie Barnes,barnesc01
Pascal Siakam,siakapa01
Fred VanVleet,vanvlfr01
OG Anunoby,anunoog01
Gary Trent Jr.,trentga02
Chris Boucher,bouchch01
Precious Achiuwa,achiupr01
Christian Koloko,kolokch01
Thaddeus Young,youngth01
Jakob Poeltl,poeltja01
Malachi Flynn,flynnma01
Juancho Hernangómez,hernaju01
Dalano Banton,bantoda01
Jeff Dowtin Jr.,dowtije01
Will Barton,bartowi01
Khem Birch,birchkh01
Otto Porter Jr.,porteot01
Joe Wieskamp,wieskjo01
Ron Harper Jr.,harpero02
Justin Champagnie,champju01
Jaden Ivey,iveyja01
Killian Hayes,hayeski01
Bojan Bogdanović,bogdabo02
Jalen Duren,durenja01
Saddiq Bey,beysa01
Isaiah Stewart,stewais01
Cory Joseph,josepco01
Isaiah Livers,liveris01
Alec Burks,burksal01
Hamidou Diallo,diallha01
Marvin Bagley III,baglema01
James Wiseman,wisemja01
Kevin Knox,knoxke01
Rodney McGruder,mcgruro01
Cade Cunningham,cunnica01
R.J. Hampton,hamptrj01
Eugene Omoruyi,omorueu01
Jared Rhoden,rhodeja01
Nerlens Noel,noelne01
Buddy Boeheim,boehebu01
Braxton Key,keybr01
Stanley Umude,umudest01
CJ McCollum,mccolcj01
Trey Murphy III,murphtr02
Jonas Valančiūnas,valanjo01
Herbert Jones,joneshe01
Naji Marshall,marshna01
Brandon Ingram,ingrabr01
Larry Nance Jr.,nancela02
Jose Alvarado,alvarjo01
Dyson Daniels,daniedy01
Zion Williamson,willizi01
Devonte' Graham,grahade01
Jaxson Hayes,hayesja02
Josh Richardson,richajo01
Willy Hernangómez,hernawi01
Kira Lewis Jr.,lewiski01
Garrett Temple,templga01
Dereon Seabron,seabrde01
Buddy Hield,hieldbu01
Bennedict Mathurin,mathube01
Andrew Nembhard,nembhan01
Tyrese Haliburton,halibty01
Myles Turner,turnemy01
Aaron Nesmith,nesmiaa01
T.J. McConnell,mccontj01
Jalen Smith,smithja04
Oshae Brissett,brissos01
Isaiah Jackson,jacksis01
Chris Duarte,duartch01
Jordan Nwora,nworajo01
Terry Taylor,taylote01
Goga Bitadze,bitadgo01
George Hill,hillge01
James Johnson,johnsja01
Daniel Theis,theisda01
Trevelin Queen,queentr01
Gabe York,yorkga01
Kendall Brown,brownke03
Kentavious Caldwell-Pope,caldwke01
Nikola Jokić,jokicni01
Bruce Brown,brownbr01
Jamal Murray,murraja01
Aaron Gordon,gordoaa01
Michael Porter Jr.,portemi01
Christian Braun,braunch01
Jeff Green,greenje02
Vlatko Čančar,cancavl01
Bones Hyland,hylanbo01
Zeke Nnaji,nnajize01
DeAndre Jordan,jordade01
Ish Smith,smithis01
Reggie Jackson,jacksre01
Davon Reed,reedda01
Thomas Bryant,bryanth01
Peyton Watson,watsope01
Jack White,whiteja03
Royce O'Neale,onealro01
Nic Claxton,claxtni01
Joe Harris,harrijo01
Kyrie Irving,irvinky01
Kevin Durant,duranke01
Seth Curry,curryse01
Ben Simmons,simmobe01
Cam Thomas,thomaca02
Yuta Watanabe,watanyu01
Mikal Bridges,bridgmi01
Spencer Dinwiddie,dinwisp01
Cameron Johnson,johnsca02
Edmond Sumner,sumneed01
Dorian Finney-Smith,finnedo01
Patty Mills,millspa02
Day'Ron Sharpe,sharpda01
T.J. Warren,warretj01
Markieff Morris,morrima02
David Duke Jr.,dukeda01
Dru Smith,smithdr01
Kessler Edwards,edwarke02
Nerlens Noel,noelne01
RaiQuan Gray,grayra01
Moses Brown,brownmo01
Alondes Williams,willial06
Luka Dončić,doncilu01
Reggie Bullock,bullore01
Tim Hardaway Jr.,hardati02
Spencer Dinwiddie,dinwisp01
Christian Wood,woodch01
Josh Green,greenjo02
Dwight Powell,poweldw01
Dorian Finney-Smith,finnedo01
Maxi Kleber,klebima01
Kyrie Irving,irvinky01
Jaden Hardy,hardyja02
Frank Ntilikina,ntilila01
Dāvis Bertāns,bertada01
JaVale McGee,mcgeeja01
McKinley Wright IV,wrighmc01
Theo Pinson,pinsoth01
Justin Holiday,holidju01
Kemba Walker,walkeke02
A.J. Lawson,lawsoaj01
Markieff Morris,morrima02
Facundo Campazzo,campafa01
Tyler Dorsey,dorsety01
Chris Silva,silvach01
Franz Wagner,wagnefr01
Paolo Banchero,banchpa01
Markelle Fultz,fultzma01
Wendell Carter Jr.,cartewe01
Cole Anthony,anthoco01
Bol Bol,bolbo01
Jalen Suggs,suggsja01
Gary Harris,harriga01
Moritz Wagner,wagnemo01
Terrence Ross,rosste01
Caleb Houstan,houstca01
Mo Bamba,bambamo01
Chuma Okeke,okekech01
Kevon Harris,harrike01
Admiral Schofield,schofad01
R.J. Hampton,hamptrj01
Goga Bitadze,bitadgo01
Jonathan Isaac,isaacjo01
Michael Carter-Williams,cartemi01
Jay Scrubb,scrubja01
Dennis Schröder,schrode01
LeBron James,jamesle01
Anthony Davis,davisan02
Troy Brown Jr.,browntr01
Austin Reaves,reaveau01
Russell Westbrook,westbru01
Lonnie Walker IV,walkelo01
Patrick Beverley,beverpa01
Wenyen Gabriel,gabriwe01
Thomas Bryant,bryanth01
Rui Hachimura,hachiru01
Jarred Vanderbilt,vandeja01
Malik Beasley,beaslma01
Kendrick Nunn,nunnke01
D'Angelo Russell,russeda01
Max Christie,chrisma02
Juan Toscano-Anderson,toscaju01
Damian Jones,jonesda03
Matt Ryan,ryanma01
Mo Bamba,bambamo01
Cole Swider,swideco01
Scotty Pippen Jr.,pippesc02
Davon Reed,reedda01
Sterling Brown,brownst02
Julius Randle,randlju01
RJ Barrett,barrerj01
Jalen Brunson,brunsja01
Immanuel Quickley,quickim01
Quentin Grimes,grimequ01
Isaiah Hartenstein,harteis01
Mitchell Robinson,robinmi01
Obi Toppin,toppiob01
Jericho Sims,simsje01
Miles McBride,mcbrimi01
Josh Hart,hartjo01
Evan Fournier,fournev01
Cam Reddish,reddica01
Derrick Rose,rosede01
Svi Mykhailiuk,mykhasv01
Ryan Arcidiacono,arcidry01
Trevor Keels,keelstr01
Domantas Sabonis,sabondo01
Harrison Barnes,barneha02
De'Aaron Fox,foxde01
Keegan Murray,murrake02
Kevin Huerter,huertke01
Malik Monk,monkma01
Davion Mitchell,mitchda01
Trey Lyles,lylestr01
Terence Davis,daviste02
Chimezie Metu,metuch01
Richaun Holmes,holmeri01
Kessler Edwards,edwarke02
KZ Okpala,okpalkz01
Matthew Dellavedova,dellama01
Alex Len,lenal01
PJ Dozier,doziepj01
Keon Ellis,elliske01
Neemias Queta,quetane01
Chima Moneke,monekch01
Deonte Burton,burtode02
Lauri Markkanen,markkla01
Jordan Clarkson,clarkjo01
Kelly Olynyk,olynyke01
Walker Kessler,kesslwa01
Malik Beasley,beaslma01
Talen Horton-Tucker,hortota01
Mike Conley,conlemi01
Jarred Vanderbilt,vandeja01
Ochai Agbaji,agbajoc01
Collin Sexton,sextoco01
Rudy Gay,gayru01
Simone Fontecchio,fontesi01
Kris Dunn,dunnkr01
Nickeil Alexander-Walker,alexani01
Udoka Azubuike,azubuud01
Juan Toscano-Anderson,toscaju01
Damian Jones,jonesda03
Johnny Juzang,juzanjo01
Luka Šamanić,samanlu01
Leandro Bolmaro,bolmale01
Micah Potter,pottemi01
Jarrell Brantley,brantja01
Frank Jackson,jacksfr01
P.J. Washington,washipj01
Terry Rozier,roziete01
Mason Plumlee,plumlma01
Gordon Hayward,haywago01
Kelly Oubre Jr.,oubreke01
Jalen McDaniels,mcdanja01
Dennis Smith Jr.,smithde03
LaMelo Ball,ballla01
Nick Richards,richani01
JT Thor,thorjt01
Théo Maledon,maledth01
Mark Williams,willima07
Bryce McGowens,mcgowbr01
Kai Jones,joneska01
James Bouknight,bouknja01
Svi Mykhailiuk,mykhasv01
Cody Martin,martico01
Xavier Sneed,sneedxa01
Kobi Simmons,simmoko01
Bam Adebayo,adebaba01
Tyler Herro,herroty01
Max Strus,strusma01
Jimmy Butler,butleji01
Caleb Martin,martica02
Gabe Vincent,vincega01
Kyle Lowry,lowryky01
Victor Oladipo,oladivi01
Haywood Highsmith,highsha01
Duncan Robinson,robindu01
Orlando Robinson,robinor01
Kevin Love,loveke01
Dewayne Dedmon,dedmode01
Jamal Cain,cainja01
Cody Zeller,zelleco01
Nikola Jović,jovicni01
Omer Yurtseven,yurtsom01
Udonis Haslem,hasleud01
Dru Smith,smithdr01
Jamaree Bouyea,bouyeja01
Dejounte Murray,murrade01
Trae Young,youngtr01
John Collins,collijo01
De'Andre Hunter,huntede01
Onyeka Okongwu,okongon01
Clint Capela,capelca01
Bogdan Bogdanović,bogdabo01
AJ Griffin,griffaj01
Jalen Johnson,johnsja05
Aaron Holiday,holidaa01
Saddiq Bey,beysa01
Justin Holiday,holidju01
Trent Forrest,forretr01
Frank Kaminsky,kaminfr01
Vit Krejci,krejcvi01
Jarrett Culver,culveja01
Garrison Mathews,mathega01
Tyrese Martin,martity01
Bruno Fernando,fernabr01
Donovan Williams,willido02
Dillon Brooks,brookdi01
Ja Morant,moranja01
Tyus Jones,jonesty01
Desmond Bane,banede01
Jaren Jackson Jr.,jacksja02
Santi Aldama,aldamsa01
John Konchar,konchjo01
David Roddy,roddyda01
Xavier Tillman Sr.,tillmxa01
Steven Adams,adamsst01
Brandon Clarke,clarkbr01
Luke Kennard,kennalu01
Ziaire Williams,willizi02
Jake LaRavia,laravja01
Kennedy Chandler,chandke01
Kenneth Lofton Jr.,loftoke01
Vince Williams Jr.,willivi01
Danny Green,greenda02
Jacob Gilyard,gilyaja01
Ivica Zubac,zubaciv01
Paul George,georgpa01
Terance Mann,mannte01
Marcus Morris,morrima03
Kawhi Leonard,leonaka01
Nicolas Batum,batumni01
Norman Powell,powelno01
Reggie Jackson,jacksre01
Robert Covington,covinro01
John Wall,walljo01
Luke Kennard,kennalu01
Russell Westbrook,westbru01
Amir Coffey,coffeam01
Eric Gordon,gordoer01
Mason Plumlee,plumlma01
Moses Brown,brownmo01
Bones Hyland,hylanbo01
Brandon Boston Jr.,bostobr01
Moussa Diabaté,diabamo01
Jason Preston,prestja01
Xavier Moon,moonxa01
Jayson Tatum,tatumja01
Jaylen Brown,brownja02
Derrick White,whitede01
Grant Williams,willigr01
Marcus Smart,smartma01
Al Horford,horfoal01
Malcolm Brogdon,brogdma01
Sam Hauser,hausesa01
Robert Williams,williro04
Luke Kornet,kornelu01
Payton Pritchard,pritcpa01
Blake Griffin,griffbl01
Mike Muscala,muscami01
Noah Vonleh,vonleno01
Justin Jackson,jacksju01
JD Davison,davisjd01
Mfiondu Kabengele,kabenmf01
Justin Champagnie,champju01
Evan Mobley,mobleev01
Darius Garland,garlada01
Donovan Mitchell,mitchdo01
Caris LeVert,leverca01
Jarrett Allen,allenja01
Isaac Okoro,okorois01
Cedi Osman,osmande01
Lamar Stevens,stevela01
Dean Wade,wadede01
Kevin Love,loveke01
Ricky Rubio,rubiori01
Raul Neto,netora01
Robin Lopez,lopezro01
Mamadi Diakite,diakima01
Danny Green,greenda02
Isaiah Mobley,mobleis01
Sam Merrill,merrisa01
Dylan Windler,windldy01
Zach LaVine,lavinza01
Nikola Vučević,vucevni01
DeMar DeRozan,derozde01
Patrick Williams,willipa01
Ayo Dosunmu,dosunay01
Coby White,whiteco01
Alex Caruso,carusal01
Derrick Jones Jr.,jonesde02
Andre Drummond,drumman01
Goran Dragić,dragigo01
Patrick Beverley,beverpa01
Javonte Green,greenja02
Dalen Terry,terryda01
Carlik Jones,jonesca03
Terry Taylor,taylote01
Tony Bradley,bradlto01
Marko Simonovic,simonma01
Malcolm Hill,hillma01
Brook Lopez,lopezbr01
Jrue Holiday,holidjr01
Giannis Antetokounmpo,antetgi01
Grayson Allen,allengr01
Bobby Portis,portibo01
Jevon Carter,carteje01
Pat Connaughton,connapa01
Joe Ingles,inglejo01
Wesley Matthews,matthwe02
Khris Middleton,middlkh01
MarJon Beauchamp,beaucma01
George Hill,hillge01
Jordan Nwora,nworajo01
A.J. Green,greenaj01
Jae Crowder,crowdja01
Sandro Mamukelashvili,mamuksa01
Thanasis Antetokounmpo,antetth01
Serge Ibaka,ibakase01
Meyers Leonard,leoname01
Lindell Wigginton,wiggili01
Goran Dragić,dragigo01
Jerami Grant,grantje01
Anfernee Simons,simonan01
Damian Lillard,lillada01
Shaedon Sharpe,sharpsh01
Josh Hart,hartjo01
Drew Eubanks,eubandr01
Jusuf Nurkić,nurkiju01
Trendon Watford,watfotr01
Nassir Little,littlna01
Justise Winslow,winslju01
Jabari Walker,walkeja01
Matisse Thybulle,thybuma01
Cam Reddish,reddica01
Keon Johnson,johnske07
Kevin Knox,knoxke01
Gary Payton II,paytoga02
John Butler,butlejo01
Skylar Mays,mayssk01
Ryan Arcidiacono,arcidry01
Jeenathan Williams,willije02
Shaquille Harrison,harrish01
Greg Brown III,browngr01
Justin Minaya,minayju01
Chance Comanche,comanch01
Tobias Harris,harrito02
Joel Embiid,embiijo01
De'Anthony Melton,meltode01
James Harden,hardeja01
Tyrese Maxey,maxeyty01
P.J. Tucker,tuckepj01
Shake Milton,miltosh01
Georges Niang,niangge01
Danuel House Jr.,houseda01
Paul Reed,reedpa01
Montrezl Harrell,harremo01
Matisse Thybulle,thybuma01
Jalen McDaniels,mcdanja01
Furkan Korkmaz,korkmfu01
Jaden Springer,sprinja01
Dewayne Dedmon,dedmode01
Mac McClung,mccluma01
Louis King,kinglo02
Saben Lee,leesa01
Julian Champagnie,champju02
Michael Foster Jr.,fostemi02
Jordan Poole,poolejo01
Kyle Kuzma,kuzmaky01
Deni Avdija,avdijde01
Corey Kispert,kispeco01
Tyus Jones,jonesty01
Bilal Coulibaly,coulibi01
Daniel Gafford,gaffoda01
Landry Shamet,shamela01
Johnny Davis,davisjo06
Marvin Bagley III,baglema01
Jared Butler,butleja02
Patrick Baldwin Jr.,baldwpa01
Anthony Gill,gillan01
Delon Wright,wrighde01
Eugene Omoruyi,omorueu01
Danilo Gallinari,gallida01
Mike Muscala,muscami01
Richaun Holmes,holmeri01
Justin Champagnie,champju01
Tristan Vukcevic,vukcetr01
Jules Bernard,bernaju01
Ryan Rollins,rolliry01
Hamidou Diallo,diallha01
Trey Jemison,jemistr01
Stephen Curry,curryst01
Klay Thompson,thompkl01
Brandin Podziemski,podzibr01
Jonathan Kuminga,kuminjo01
Andrew Wiggins,wiggian01
Chris Paul,paulch01
Draymond Green,greendr01
Kevon Looney,looneke01
Moses Moody,moodymo01
Trayce Jackson-Davis,jackstr02
Dario Šarić,saricda01
Gary Payton II,paytoga02
Lester Quiñones,quinole01
Cory Joseph,josepco01
Gui Santos,santogu01
Jerome Robinson,robinje01
Pat Spencer,spencpa01
Usman Garuba,garubus01
Anthony Edwards,edwaran01
Rudy Gobert,goberru01
Mike Conley,conlemi01
Jaden McDaniels,mcdanja02
Karl-Anthony Towns,townska01
Naz Reid,reidna01
Nickeil Alexander-Walker,alexani01
Kyle Anderson,anderky01
Jordan McLaughlin,mclaujo01
Shake Milton,miltosh01
Troy Brown Jr.,browntr01
Monte Morris,morrimo01
T.J. Warren,warretj01
Luka Garza,garzalu01
Josh Minott,minotjo01
Wendell Moore Jr.,moorewe01
Leonard Miller,millele01
Daishen Nix,nixda01
Justin Jackson,jacksju01
Shai Gilgeous-Alexander,gilgesh01
Chet Holmgren,holmgch01
Luguentz Dort,dortlu01
Jalen Williams,willija06
Josh Giddey,giddejo01
Cason Wallace,wallaca01
Isaiah Joe,joeis01
Aaron Wiggins,wiggiaa01
Kenrich Williams,willike04
Jaylin Williams,willija07
Gordon Hayward,haywago01
Ousmane Dieng,diengou01
Vasilije Micić,micicva01
Lindy Waters III,waterli01
Tre Mann,manntr01
Olivier Sarr,sarrol01
Mike Muscala,muscami01
Dāvis Bertāns,bertada01
Bismack Biyombo,biyombi01
Keyontae Johnson,johnske08
Aleksej Pokusevski,pokusal01
Adam Flagler,flaglad01
Kevin Durant,duranke01
Grayson Allen,allengr01
Devin Booker,bookede01
Jusuf Nurkić,nurkiju01
Eric Gordon,gordoer01
Bradley Beal,bealbr01
Drew Eubanks,eubandr01
Josh Okogie,okogijo01
Royce O'Neale,onealro01
Keita Bates-Diop,bateske01
Jordan Goodwin,goodwjo01
Bol Bol,bolbo01
Nassir Little,littlna01
Chimezie Metu,metuch01
Yuta Watanabe,watanyu01
Saben Lee,leesa01
Udoka Azubuike,azubuud01
Thaddeus Young,youngth01
David Roddy,roddyda01
Isaiah Thomas,thomais02
Ish Wainright,wainris01
Théo Maledon,maledth01
Devin Vassell,vassede01
Jeremy Sochan,sochaje01
Tre Jones,jonestr01
Victor Wembanyama,wembavi01
Keldon Johnson,johnske04
Malaki Branham,branhma01
Zach Collins,colliza01
Julian Champagnie,champju02
Cedi Osman,osmande01
Blake Wesley,weslebl01
Doug McDermott,mcderdo01
Sandro Mamukelashvili,mamuksa01
Dominick Barlow,barlodo01
Devonte' Graham,grahade01
Charles Bassey,bassech01
Sidy Cissoko,cissosi01
David Duke Jr.,dukeda01
RaiQuan Gray,grayra01
Jamaree Bouyea,bouyeja01
Mamadi Diakite,diakima01
Fred VanVleet,vanvlfr01
Jalen Green,greenja05
Jabari Smith Jr.,smithja05
Dillon Brooks,brookdi01
Alperen Şengün,sengual01
Amen Thompson,thompam01
Jeff Green,greenje02
Aaron Holiday,holidaa01
Jae'Sean Tate,tateja01
Cam Whitmore,whitmca01
Jock Landale,landajo01
Tari Eason,easonta01
Reggie Bullock,bullore01
Jeenathan Williams,willije02
Nate Hinton,hintona01
Boban Marjanović,marjabo01
Jermaine Samuels,samueje01
Scottie Barnes,barnesc01
Gary Trent Jr.,trentga02
Dennis Schröder,schrode01
Pascal Siakam,siakapa01
Jakob Poeltl,poeltja01
Gradey Dick,dickgr01
Immanuel Quickley,quickim01
RJ Barrett,barrerj01
OG Anunoby,anunoog01
Bruce Brown,brownbr01
Kelly Olynyk,olynyke01
Chris Boucher,bouchch01
Ochai Agbaji,agbajoc01
Jalen McDaniels,mcdanja01
Jordan Nwora,nworajo01
Malachi Flynn,flynnma01
Precious Achiuwa,achiupr01
Javon Freeman-Liberty,freemja01
Jontay Porter,portejo01
Thaddeus Young,youngth01
Garrett Temple,templga01
Otto Porter Jr.,porteot01
Jahmi'us Ramsey,ramseja01
Mouhamadou Gueye,gueyemo01
Malik Williams,willima11
Kobi Simmons,simmoko01
D.J. Carton,cartodj01
Markquis Nowell,nowelma01
Jaden Ivey,iveyja01
Cade Cunningham,cunnica01
Jalen Duren,durenja01
Ausar Thompson,thompau01
Isaiah Stewart,stewais01
Marcus Sasser,sassema01
James Wiseman,wisemja01
Killian Hayes,hayeski01
Bojan Bogdanović,bogdabo02
Alec Burks,burksal01
Kevin Knox,knoxke01
Evan Fournier,fournev01
Simone Fontecchio,fontesi01
Marvin Bagley III,baglema01
Isaiah Livers,liveris01
Troy Brown Jr.,browntr01
Chimezie Metu,metuch01
Malachi Flynn,flynnma01
Stanley Umude,umudest01
Tosan Evbuomwan,evbuoto01
Jared Rhoden,rhodeja01
Mike Muscala,muscami01
Joe Harris,harrijo01
Quentin Grimes,grimequ01
Danilo Gallinari,gallida01
Buddy Boeheim,boehebu01
Monte Morris,morrimo01
Shake Milton,miltosh01
Jaylen Nowell,nowelja01
Taj Gibson,gibsota01
Malcolm Cazalon,cazalma01
Herbert Jones,joneshe01
Zion Williamson,willizi01
CJ McCollum,mccolcj01
Brandon Ingram,ingrabr01
Jonas Valančiūnas,valanjo01
Trey Murphy III,murphtr02
Dyson Daniels,daniedy01
Naji Marshall,marshna01
Larry Nance Jr.,nancela02
Jordan Hawkins,hawkijo01
Jose Alvarado,alvarjo01
Matt Ryan,ryanma01
Jeremiah Robinson-Earl,robinje02
Cody Zeller,zelleco01
Kira Lewis Jr.,lewiski01
Dereon Seabron,seabrde01
E.J. Liddell,liddeej01
Kaiser Gates,gateska01
Jalen Crutcher,crutcja01
Izaiah Brockington,brockiz01
Tyrese Haliburton,halibty01
Myles Turner,turnemy01
Aaron Nesmith,nesmiaa01
Obi Toppin,toppiob01
Andrew Nembhard,nembhan01
Bennedict Mathurin,mathube01
Buddy Hield,hieldbu01
Pascal Siakam,siakapa01
T.J. McConnell,mccontj01
Jalen Smith,smithja04
Bruce Brown,brownbr01
Ben Sheppard,sheppbe01
Isaiah Jackson,jacksis01
Jarace Walker,walkeja02
Doug McDermott,mcderdo01
Jordan Nwora,nworajo01
Kendall Brown,brownke03
James Johnson,johnsja01
Oscar Tshiebwe,tshieos01
Quenton Jackson,jacksqu01
Daniel Theis,theisda01
Isaiah Wong,wongis01
Nikola Jokić,jokicni01
Michael Porter Jr.,portemi01
Kentavious Caldwell-Pope,caldwke01
Aaron Gordon,gordoaa01
Jamal Murray,murraja01
Reggie Jackson,jacksre01
Christian Braun,braunch01
Peyton Watson,watsope01
Justin Holiday,holidju01
Zeke Nnaji,nnajize01
Julian Strawther,strawju01
DeAndre Jordan,jordade01
Collin Gillespie,gilleco01
Jalen Pickett,pickeja02
Braxton Key,keybr01
Jay Huff,huffja01
Hunter Tyson,tysonhu01
Mikal Bridges,bridgmi01
Nic Claxton,claxtni01
Cam Thomas,thomaca02
Dorian Finney-Smith,finnedo01
Cameron Johnson,johnsca02
Spencer Dinwiddie,dinwisp01
Royce O'Neale,onealro01
Dennis Smith Jr.,smithde03
Lonnie Walker IV,walkelo01
Dennis Schröder,schrode01
Day'Ron Sharpe,sharpda01
Trendon Watford,watfotr01
Jalen Wilson,wilsoja03
Noah Clowney,clownno01
Ben Simmons,simmobe01
Armoni Brooks,brookar01
Harry Giles,gilesha01
Keita Bates-Diop,bateske01
Keon Johnson,johnske07
Jacob Gilyard,gilyaja01
Dariq Whitehead,whiteda01
Luka Dončić,doncilu01
Tim Hardaway Jr.,hardati02
Kyrie Irving,irvinky01
Derrick Jones Jr.,jonesde02
Josh Green,greenjo02
Dereck Lively II,livelde01
Grant Williams,willigr01
Dante Exum,exumda01
Jaden Hardy,hardyja02
P.J. Washington,washipj01
Maxi Kleber,klebima01
Dwight Powell,poweldw01
Daniel Gafford,gaffoda01
Seth Curry,curryse01
Olivier-Maxence Prosper,prospol01
A.J. Lawson,lawsoaj01
Richaun Holmes,holmeri01
Markieff Morris,morrima02
Brandon Williams,willibr03
Greg Brown III,browngr01
Dexter Dennis,dennide01
Alex Fudge,fudgeal01
Paolo Banchero,banchpa01
Franz Wagner,wagnefr01
Jalen Suggs,suggsja01
Cole Anthony,anthoco01
Moritz Wagner,wagnemo01
Wendell Carter Jr.,cartewe01
Gary Harris,harriga01
Joe Ingles,inglejo01
Anthony Black,blackan01
Goga Bitadze,bitadgo01
Jonathan Isaac,isaacjo01
Markelle Fultz,fultzma01
Caleb Houstan,houstca01
Chuma Okeke,okekech01
Trevelin Queen,queentr01
Admiral Schofield,schofad01
Jett Howard,howarje01
Kevon Harris,harrike01
Anthony Davis,davisan02
Austin Reaves,reaveau01
LeBron James,jamesle01
D'Angelo Russell,russeda01
Taurean Prince,princta02
Rui Hachimura,hachiru01
Cam Reddish,reddica01
Max Christie,chrisma02
Jaxson Hayes,hayesja02
Christian Wood,woodch01
Spencer Dinwiddie,dinwisp01
Jarred Vanderbilt,vandeja01
Gabe Vincent,vincega01
Jalen Hood-Schifino,hoodsja01
Maxwell Lewis,lewisma05
Skylar Mays,mayssk01
Colin Castleton,castlco01
D'Moi Hodge,hodgedm01
Dylan Windler,windldy01
Harry Giles,gilesha01
Alex Fudge,fudgeal01
Jalen Brunson,brunsja01
Josh Hart,hartjo01
Donte DiVincenzo,divindo01
Isaiah Hartenstein,harteis01
Julius Randle,randlju01
Miles McBride,mcbrimi01
Precious Achiuwa,achiupr01
Quentin Grimes,grimequ01
OG Anunoby,anunoog01
Mitchell Robinson,robinmi01
RJ Barrett,barrerj01
Immanuel Quickley,quickim01
Jericho Sims,simsje01
Bojan Bogdanović,bogdabo02
Alec Burks,burksal01
Taj Gibson,gibsota01
Malachi Flynn,flynnma01
DaQuan Jeffries,jeffrda01
Ryan Arcidiacono,arcidry01
Evan Fournier,fournev01
Jacob Toppin,toppija01
Charlie Brown Jr.,brownch02
Shake Milton,miltosh01
Mamadi Diakite,diakima01
Dylan Windler,windldy01
Dmytro Skapintsev,skapidm01
Domantas Sabonis,sabondo01
De'Aaron Fox,foxde01
Keegan Murray,murrake02
Harrison Barnes,barneha02
Malik Monk,monkma01
Kevin Huerter,huertke01
Trey Lyles,lylestr01
Davion Mitchell,mitchda01
Keon Ellis,elliske01
Chris Duarte,duartch01
Sasha Vezenkov,vezenal01
Alex Len,lenal01
JaVale McGee,mcgeeja01
Kessler Edwards,edwarke02
Colby Jones,jonesco02
Juan Toscano-Anderson,toscaju01
Jalen Slawson,slawsja01
Mason Jones,jonesma05
Jordan Ford,fordjo01
Filip Petrušev,petrufi01
Collin Sexton,sextoco01
Keyonte George,georgke01
John Collins,collijo01
Lauri Markkanen,markkla01
Jordan Clarkson,clarkjo01
Walker Kessler,kesslwa01
Kris Dunn,dunnkr01
Simone Fontecchio,fontesi01
Kelly Olynyk,olynyke01
Talen Horton-Tucker,hortota01
Ochai Agbaji,agbajoc01
Taylor Hendricks,hendrta01
Brice Sensabaugh,sensabr01
Omer Yurtseven,yurtsom01
Luka Šamanić,samanlu01
Johnny Juzang,juzanjo01
Micah Potter,pottemi01
Darius Bazley,bazleda01
Kira Lewis Jr.,lewiski01
Kenneth Lofton Jr.,loftoke01
Jason Preston,prestja01
Miles Bridges,bridgmi02
Brandon Miller,millebr02
Nick Richards,richani01
P.J. Washington,washipj01
Terry Rozier,roziete01
Grant Williams,willigr01
Bryce McGowens,mcgowbr01
Tre Mann,manntr01
Vasilije Micić,micicva01
Gordon Hayward,haywago01
JT Thor,thorjt01
Cody Martin,martico01
Ish Smith,smithis01
Nick Smith Jr.,smithni01
LaMelo Ball,ballla01
Dāvis Bertāns,bertada01
Mark Williams,willima07
Aleksej Pokusevski,pokusal01
Nathan Mensah,mensana01
Leaky Black,blackle01
Théo Maledon,maledth01
Seth Curry,curryse01
Marques Bolden,boldema01
James Bouknight,bouknja01
Amari Bailey,baileam01
Frank Ntilikina,ntilila01
Bam Adebayo,adebaba01
Jaime Jaquez Jr.,jaqueja01
Jimmy Butler,butleji01
Duncan Robinson,robindu01
Caleb Martin,martica02
Tyler Herro,herroty01
Haywood Highsmith,highsha01
Josh Richardson,richajo01
Kyle Lowry,lowryky01
Terry Rozier,roziete01
Kevin Love,loveke01
Nikola Jović,jovicni01
Thomas Bryant,bryanth01
Orlando Robinson,robinor01
Delon Wright,wrighde01
Jamal Cain,cainja01
Patty Mills,millspa02
Dru Smith,smithdr01
Cole Swider,swideco01
R.J. Hampton,hamptrj01
Alondes Williams,willial06
Dejounte Murray,murrade01
Bogdan Bogdanović,bogdabo01
Saddiq Bey,beysa01
Trae Young,youngtr01
Jalen Johnson,johnsja05
Clint Capela,capelca01
De'Andre Hunter,huntede01
Onyeka Okongwu,okongon01
Garrison Mathews,mathega01
Bruno Fernando,fernabr01
Vit Krejci,krejcvi01
Trent Forrest,forretr01
Wesley Matthews,matthwe02
Patty Mills,millspa02
Kobe Bufkin,bufkiko01
AJ Griffin,griffaj01
Mouhamed Gueye,gueyemo02
Dylan Windler,windldy01
Seth Lundy,lundyse01
Jaren Jackson Jr.,jacksja02
Santi Aldama,aldamsa01
Desmond Bane,banede01
Vince Williams Jr.,willivi01
GG Jackson II,jacksgg01
John Konchar,konchjo01
David Roddy,roddyda01
Ziaire Williams,willizi02
Luke Kennard,kennalu01
Jake LaRavia,laravja01
Bismack Biyombo,biyombi01
Xavier Tillman Sr.,tillmxa01
Jacob Gilyard,gilyaja01
Marcus Smart,smartma01
Trey Jemison,jemistr01
Scotty Pippen Jr.,pippesc02
Jordan Goodwin,goodwjo01
Lamar Stevens,stevela01
Derrick Rose,rosede01
Ja Morant,moranja01
Zavier Simpson,simpsza01
Jaylen Nowell,nowelja01
DeJon Jarreau,jarrede01
Brandon Clarke,clarkbr01
Timmy Allen,allenti01
Mãozinha Pereira,pereima01
Matthew Hurt,hurtma01
Kenneth Lofton Jr.,loftoke01
Yuta Watanabe,watanyu01
Wenyen Gabriel,gabriwe01
Tosan Evbuomwan,evbuoto01
Jack White,whiteja03
Shaquille Harrison,harrish01
Paul George,georgpa01
James Harden,hardeja01
Kawhi Leonard,leonaka01
Norman Powell,powelno01
Terance Mann,mannte01
Ivica Zubac,zubaciv01
Russell Westbrook,westbru01
Amir Coffey,coffeam01
Daniel Theis,theisda01
Mason Plumlee,plumlma01
Bones Hyland,hylanbo01
P.J. Tucker,tuckepj01
Kobe Brown,brownko01
Brandon Boston Jr.,bostobr01
Xavier Moon,moonxa01
Robert Covington,covinro01
Moussa Diabaté,diabamo01
Nicolas Batum,batumni01
KJ Martin,martike04
Jordan Miller,millejo02
Joshua Primo,primojo01
Jayson Tatum,tatumja01
Derrick White,whitede01
Jaylen Brown,brownja02
Jrue Holiday,holidjr01
Payton Pritchard,pritcpa01
Sam Hauser,hausesa01
Al Horford,horfoal01
Kristaps Porziņģis,porzikr01
Luke Kornet,kornelu01
Oshae Brissett,brissos01
Svi Mykhailiuk,mykhasv01
Neemias Queta,quetane01
Xavier Tillman Sr.,tillmxa01
Dalano Banton,bantoda01
Jaden Springer,sprinja01
Lamar Stevens,stevela01
Jordan Walsh,walshjo01
JD Davison,davisjd01
Drew Peterson,peterdr01
Jarrett Allen,allenja01
Max Strus,strusma01
Caris LeVert,leverca01
Donovan Mitchell,mitchdo01
Darius Garland,garlada01
Isaac Okoro,okorois01
Georges Niang,niangge01
Evan Mobley,mobleev01
Dean Wade,wadede01
Sam Merrill,merrisa01
Craig Porter Jr.,portecr01
Tristan Thompson,thomptr01
Damian Jones,jonesda03
Marcus Morris,morrima03
Emoni Bates,batesem01
Isaiah Mobley,mobleis01
Pete Nance,nancepe01
Ty Jerome,jeromty01
DeMar DeRozan,derozde01
Coby White,whiteco01
Nikola Vučević,vucevni01
Ayo Dosunmu,dosunay01
Alex Caruso,carusal01
Andre Drummond,drumman01
Patrick Williams,willipa01
Torrey Craig,craigto01
Jevon Carter,carteje01
Zach LaVine,lavinza01
Dalen Terry,terryda01
Julian Phillips,phillju01
Onuralp Bitim,bitimon01
Javonte Green,greenja02
Terry Taylor,taylote01
Adama Sanogo,sanogad01
Henri Drell,drellhe01
Andrew Funk,funkan01
Damian Lillard,lillada01
Giannis Antetokounmpo,antetgi01
Brook Lopez,lopezbr01
Malik Beasley,beaslma01
Bobby Portis,portibo01
Pat Connaughton,connapa01
Khris Middleton,middlkh01
Jae Crowder,crowdja01
Cameron Payne,payneca01
A.J. Green,greenaj01
MarJon Beauchamp,beaucma01
Andre Jackson Jr.,jacksan01
Patrick Beverley,beverpa01
Thanasis Antetokounmpo,antetth01
Danilo Gallinari,gallida01
Chris Livingston,livinch01
Robin Lopez,lopezro01
TyTy Washington Jr.,washity02
Ryan Rollins,rolliry01
Lindell Wigginton,wiggili01
Marques Bolden,boldema01
Jerami Grant,grantje01
Deandre Ayton,aytonde01
Scoot Henderson,hendesc01
Toumani Camara,camarto01
Jabari Walker,walkeja01
Anfernee Simons,simonan01
Matisse Thybulle,thybuma01
Kris Murray,murrakr01
Duop Reath,reathdu01
Malcolm Brogdon,brogdma01
Shaedon Sharpe,sharpsh01
Dalano Banton,bantoda01
Rayan Rupert,ruperra01
Justin Minaya,minayju01
Skylar Mays,mayssk01
Ashton Hagans,haganas01
Ibou Badji,badjiib01
Moses Brown,brownmo01
Robert Williams,williro04
Jamaree Bouyea,bouyeja01
Ish Wainright,wainris01
Taze Moore,mooreta02
Tyrese Maxey,maxeyty01
Tobias Harris,harrito02
Kelly Oubre Jr.,oubreke01
Paul Reed,reedpa01
Nicolas Batum,batumni01
Joel Embiid,embiijo01
De'Anthony Melton,meltode01
Patrick Beverley,beverpa01
Buddy Hield,hieldbu01
Mo Bamba,bambamo01
KJ Martin,martike04
Kyle Lowry,lowryky01
Marcus Morris,morrima03
Cameron Payne,payneca01
Danuel House Jr.,houseda01
Robert Covington,covinro01
Jaden Springer,sprinja01
Furkan Korkmaz,korkmfu01
Ricky Council IV,councri01
Jeff Dowtin Jr.,dowtije01
Terquavion Smith,smithte01
P.J. Tucker,tuckepj01
Danny Green,greenda02
D.J. Wilson,wilsodj01
Darius Bazley,bazleda01
Kenneth Lofton Jr.,loftoke01
Filip Petrušev,petrufi01
Javonte Smart,smartja01
Bub Carrington,carrica01
Jordan Poole,poolejo01
Bilal Coulibaly,coulibi01
Alex Sarr,sarral01
Kyshawn George,georgky01
Corey Kispert,kispeco01
Justin Champagnie,champju01
Jonas Valančiūnas,valanjo01
Kyle Kuzma,kuzmaky01
AJ Johnson,johnsaj01
Malcolm Brogdon,brogdma01
Richaun Holmes,holmeri01
Tristan Vukcevic,vukcetr01
Anthony Gill,gillan01
Colby Jones,jonesco02
Jared Butler,butleja02
Khris Middleton,middlkh01
Marcus Smart,smartma01
Johnny Davis,davisjo06
Jaylen Martin,martija02
JT Thor,thorjt01
Marvin Bagley III,baglema01
Patrick Baldwin Jr.,baldwpa01
Jalen McDaniels,mcdanja01
Stephen Curry,curryst01
Draymond Green,greendr01
Buddy Hield,hieldbu01
Brandin Podziemski,podzibr01
Moses Moody,moodymo01
Andrew Wiggins,wiggian01
Jonathan Kuminga,kuminjo01
Kevon Looney,looneke01
Jimmy Butler,butleji01
Trayce Jackson-Davis,jackstr02
Gary Payton II,paytoga02
Gui Santos,santogu01
Quinten Post,postqu01
Lindy Waters III,waterli01
Dennis Schröder,schrode01
Kyle Anderson,anderky01
Pat Spencer,spencpa01
De'Anthony Melton,meltode01
Kevin Knox,knoxke01
Jackson Rowe,roweja01
Yuri Collins,colliyu01
Braxton Key,keybr01
Reece Beekman,beekmre01
Anthony Edwards,edwaran01
Jaden McDaniels,mcdanja02
Rudy Gobert,goberru01
Julius Randle,randlju01
Naz Reid,reidna01
Nickeil Alexander-Walker,alexani01
Mike Conley,conlemi01
Donte DiVincenzo,divindo01
Jaylen Clark,clarkja02
Rob Dillingham,dilliro01
Terrence Shannon Jr.,shannte01
Josh Minott,minotjo01
Luka Garza,garzalu01
Joe Ingles,inglejo01
PJ Dozier,doziepj01
Leonard Miller,millele01
Bones Hyland,hylanbo01
Daishen Nix,nixda01
Tristen Newton,newtotr01
Jesse Edwards,edwarje01
Shai Gilgeous-Alexander,gilgesh01
Jalen Williams,willija06
Luguentz Dort,dortlu01
Cason Wallace,wallaca01
Aaron Wiggins,wiggiaa01
Isaiah Joe,joeis01
Isaiah Hartenstein,harteis01
Kenrich Williams,willike04
Alex Caruso,carusal01
Chet Holmgren,holmgch01
Jaylin Williams,willija07
Ajay Mitchell,mitchaj01
Dillon Jones,jonesdi01
Ousmane Dieng,diengou01
Branden Carlson,carlsbr01
Adam Flagler,flaglad01
Alex Ducas,ducasal01
Malevy Leons,leonsma01
Alex Reese,reeseal01
Devin Booker,bookede01
Kevin Durant,duranke01
Tyus Jones,jonesty01
Royce O'Neale,onealro01
Bradley Beal,bealbr01
Grayson Allen,allengr01
Ryan Dunn,dunnry01
Mason Plumlee,plumlma01
Oso Ighodaro,ighodos01
Nick Richards,richani01
Jusuf Nurkić,nurkiju01
Monte Morris,morrimo01
Collin Gillespie,gilleco01
Bol Bol,bolbo01
Josh Okogie,okogijo01
Cody Martin,martico01
Damion Lee,leeda03
TyTy Washington Jr.,washity02
Jalen Bridges,bridgja01
Vasilije Micić,micicva01
Chris Paul,paulch01
Harrison Barnes,barneha02
Stephon Castle,castlst01
Devin Vassell,vassede01
Julian Champagnie,champju02
Keldon Johnson,johnske04
Victor Wembanyama,wembavi01
Jeremy Sochan,sochaje01
Blake Wesley,weslebl01
Sandro Mamukelashvili,mamuksa01
De'Aaron Fox,foxde01
Bismack Biyombo,biyombi01
Tre Jones,jonestr01
Malaki Branham,branhma01
Zach Collins,colliza01
Charles Bassey,bassech01
Jordan McLaughlin,mclaujo01
Sidy Cissoko,cissosi01
Harrison Ingram,ingraha01
David Duke Jr.,dukeda01
Riley Minix,minixri01
Jalen Green,greenja05
Alperen Şengün,sengual01
Dillon Brooks,brookdi01
Amen Thompson,thompam01
Fred VanVleet,vanvlfr01
Jabari Smith Jr.,smithja05
Tari Eason,easonta01
Cam Whitmore,whitmca01
Steven Adams,adamsst01
Aaron Holiday,holidaa01
Reed Sheppard,sheppre01
Jae'Sean Tate,tateja01
Jock Landale,landajo01
Jeff Green,greenje02
Jeenathan Williams,willije02
N'Faly Dante,nfalyda01
Jack McVeigh,mcveija01
David Roddy,roddyda01
Scottie Barnes,barnesc01
RJ Barrett,barrerj01
Ochai Agbaji,agbajoc01
Jakob Poeltl,poeltja01
Gradey Dick,dickgr01
Jamal Shead,sheadja01
Jonathan Mogbo,mogbojo01
Ja'Kobe Walter,walteja01
Davion Mitchell,mitchda01
Jamison Battle,battlja01
Immanuel Quickley,quickim01
Chris Boucher,bouchch01
Orlando Robinson,robinor01
A.J. Lawson,lawsoaj01
Kelly Olynyk,olynyke01
Bruce Brown,brownbr01
Colin Castleton,castlco01
Garrett Temple,templga01
Jared Rhoden,rhodeja01
Cole Swider,swideco01
Bruno Fernando,fernabr01
D.J. Carton,cartodj01
Ulrich Chomche,chomcul01
Cade Cunningham,cunnica01
Tobias Harris,harrito02
Malik Beasley,beaslma01
Tim Hardaway Jr.,hardati02
Jalen Duren,durenja01
Isaiah Stewart,stewais01
Ausar Thompson,thompau01
Ron Holland,hollaro01
Simone Fontecchio,fontesi01
Jaden Ivey,iveyja01
Marcus Sasser,sassema01
Dennis Schröder,schrode01
Paul Reed,reedpa01
Wendell Moore Jr.,moorewe01
Lindy Waters III,waterli01
Bobi Klintman,klintbo01
Daniss Jenkins,jenkida01
Tolu Smith,smithto05
Ron Harper Jr.,harpero02
Cole Swider,swideco01
Alondes Williams,willial06
Yves Missi,missiyv01
Trey Murphy III,murphtr02
CJ McCollum,mccolcj01
Jose Alvarado,alvarjo01
Jordan Hawkins,hawkijo01
Jeremiah Robinson-Earl,robinje02
Javonte Green,greenja02
Dejounte Murray,murrade01
Brandon Boston Jr.,bostobr01
Zion Williamson,willizi01
Karlo Matković,matkoka01
Antonio Reeves,reevean01
Herbert Jones,joneshe01
Daniel Theis,theisda01
Brandon Ingram,ingrabr01
Bruce Brown,brownbr01
Kelly Olynyk,olynyke01
Jamal Cain,cainja01
Elfrid Payton,paytoel01
Keion Brooks Jr.,brookke02
Jaylen Nowell,nowelja01
Trey Jemison,jemistr01
Lester Quiñones,quinole01
Mo Bamba,bambamo01
Kylor Kelley,kelleky01
Pascal Siakam,siakapa01
Tyrese Haliburton,halibty01
Myles Turner,turnemy01
Bennedict Mathurin,mathube01
Andrew Nembhard,nembhan01
Obi Toppin,toppiob01
T.J. McConnell,mccontj01
Ben Sheppard,sheppbe01
Jarace Walker,walkeja02
Aaron Nesmith,nesmiaa01
Thomas Bryant,bryanth01
Quenton Jackson,jacksqu01
Johnny Furphy,furphjo01
Enrique Freeman,freemen01
Tony Bradley,bradlto01
Isaiah Jackson,jacksis01
RayJ Dennis,dennira01
Moses Brown,brownmo01
James Johnson,johnsja01
Tristen Newton,newtotr01
James Wiseman,wisemja01
Jahlil Okafor,okafoja01
Christian Braun,braunch01
Michael Porter Jr.,portemi01
Nikola Jokić,jokicni01
Jamal Murray,murraja01
Russell Westbrook,westbru01
Peyton Watson,watsope01
Aaron Gordon,gordoaa01
Julian Strawther,strawju01
DeAndre Jordan,jordade01
Jalen Pickett,pickeja02
Zeke Nnaji,nnajize01
Hunter Tyson,tysonhu01
Dario Šarić,saricda01
Vlatko Čančar,cancavl01
Spencer Jones,jonessp01
Trey Alexander,alexatr01
PJ Hall,hallpj01
Jalen Wilson,wilsoja03
Keon Johnson,johnske07
Nic Claxton,claxtni01
Cameron Johnson,johnsca02
Ziaire Williams,willizi02
Tyrese Martin,martity01
Noah Clowney,clownno01
Trendon Watford,watfotr01
Day'Ron Sharpe,sharpda01
Ben Simmons,simmobe01
Cam Thomas,thomaca02
Dennis Schröder,schrode01
D'Angelo Russell,russeda01
Tosan Evbuomwan,evbuoto01
Dorian Finney-Smith,finnedo01
Shake Milton,miltosh01
Reece Beekman,beekmre01
Maxwell Lewis,lewisma05
Drew Timme,timmedr01
Dariq Whitehead,whiteda01
Killian Hayes,hayeski01
Tyson Etienne,etienty01
Cui Yongxi,cuiyo01
Jaylen Martin,martija02
Spencer Dinwiddie,dinwisp01
Klay Thompson,thompkl01
Naji Marshall,marshna01
P.J. Washington,washipj01
Kyrie Irving,irvinky01
Daniel Gafford,gaffoda01
Quentin Grimes,grimequ01
Max Christie,chrisma02
Jaden Hardy,hardyja02
Dereck Lively II,livelde01
Luka Dončić,doncilu01
Maxi Kleber,klebima01
Kessler Edwards,edwarke02
Olivier-Maxence Prosper,prospol01
Dwight Powell,poweldw01
Brandon Williams,willibr03
Dante Exum,exumda01
Caleb Martin,martica02
Anthony Davis,davisan02
Kai Jones,joneska01
Moses Brown,brownmo01
Kylor Kelley,kelleky01
Jazian Gortman,gortmja01
Markieff Morris,morrima02
Kentavious Caldwell-Pope,caldwke01
Franz Wagner,wagnefr01
Anthony Black,blackan01
Wendell Carter Jr.,cartewe01
Tristan Da Silva,dasiltr01
Paolo Banchero,banchpa01
Goga Bitadze,bitadgo01
Cole Anthony,anthoco01
Jonathan Isaac,isaacjo01
Jalen Suggs,suggsja01
Caleb Houstan,houstca01
Gary Harris,harriga01
Jett Howard,howarje01
Cory Joseph,josepco01
Moritz Wagner,wagnemo01
Trevelin Queen,queentr01
Mac McClung,mccluma01
Austin Reaves,reaveau01
LeBron James,jamesle01
Rui Hachimura,hachiru01
Gabe Vincent,vincega01
Dalton Knecht,knechda01
Anthony Davis,davisan02
Dorian Finney-Smith,finnedo01
Max Christie,chrisma02
Jaxson Hayes,hayesja02
Luka Dončić,doncilu01
D'Angelo Russell,russeda01
Cam Reddish,reddica01
Jarred Vanderbilt,vandeja01
Jordan Goodwin,goodwjo01
Shake Milton,miltosh01
Christian Koloko,kolokch01
Trey Jemison,jemistr01
Bronny James,jamesbr02
Markieff Morris,morrima02
Alex Len,lenal01
Armel Traoré,armeltr01
Maxwell Lewis,lewisma05
Jalen Hood-Schifino,hoodsja01
Quincy Olivari,olivaqu01
Mikal Bridges,bridgmi01
Josh Hart,hartjo01
OG Anunoby,anunoog01
Karl-Anthony Towns,townska01
Jalen Brunson,brunsja01
Miles McBride,mcbrimi01
Precious Achiuwa,achiupr01
Cameron Payne,payneca01
Landry Shamet,shamela01
Jericho Sims,simsje01
Tyler Kolek,kolekty01
Mitchell Robinson,robinmi01
Delon Wright,wrighde01
Ariel Hukporti,hukpoar01
Pacome Dadiet,dadiepa01
Matt Ryan,ryanma01
P.J. Tucker,tuckepj01
Jacob Toppin,toppija01
Kevin McCullar Jr.,mcculke01
Anton Watson,watsoan02
MarJon Beauchamp,beaucma01
DeMar DeRozan,derozde01
Keegan Murray,murrake02
Domantas Sabonis,sabondo01
Malik Monk,monkma01
Keon Ellis,elliske01
De'Aaron Fox,foxde01
Trey Lyles,lylestr01
Zach LaVine,lavinza01
Kevin Huerter,huertke01
Jonas Valančiūnas,valanjo01
Devin Carter,cartede02
Jake LaRavia,laravja01
Doug McDermott,mcderdo01
Isaac Jones,jonesis01
Alex Len,lenal01
Jordan McLaughlin,mclaujo01
Markelle Fultz,fultzma01
Colby Jones,jonesco02
Jae Crowder,crowdja01
Orlando Robinson,robinor01
Isaiah Crawford,crawfis01
Mason Jones,jonesma05
Skal Labissière,labissk01
Terence Davis,daviste02
Terry Taylor,taylote01
Keyonte George,georgke01
Isaiah Collier,colliis01
Collin Sexton,sextoco01
Walker Kessler,kesslwa01
Kyle Filipowski,filipky01
Lauri Markkanen,markkla01
Brice Sensabaugh,sensabr01
Johnny Juzang,juzanjo01
John Collins,collijo01
Cody Williams,willico04
Jordan Clarkson,clarkjo01
Svi Mykhailiuk,mykhasv01
Micah Potter,pottemi01
Drew Eubanks,eubandr01
KJ Martin,martike04
Patty Mills,millspa02
Oscar Tshiebwe,tshieos01
Jaden Springer,sprinja01
Elijah Harkless,harklej01
Taylor Hendricks,hendrta01
Miles Bridges,bridgmi02
Josh Green,greenjo02
LaMelo Ball,ballla01
Nick Smith Jr.,smithni01
Tidjane Salaün,salauti01
Moussa Diabaté,diabamo01
Mark Williams,willima07
DaQuan Jeffries,jeffrda01
Seth Curry,curryse01
Cody Martin,martico01
Brandon Miller,millebr02
KJ Simpson,simpskj01
Vasilije Micić,micicva01
Grant Williams,willigr01
Jusuf Nurkić,nurkiju01
Nick Richards,richani01
Taj Gibson,gibsota01
Damion Baugh,baughda01
Tre Mann,manntr01
Wendell Moore Jr.,moorewe01
Josh Okogie,okogijo01
Isaiah Wong,wongis01
Elfrid Payton,paytoel01
Jaylen Sims,simsja01
Marcus Garrett,garrema01
Malachi Flynn,flynnma01
Jared Rhoden,rhodeja01
Tyler Herro,herroty01
Bam Adebayo,adebaba01
Haywood Highsmith,highsha01
Duncan Robinson,robindu01
Terry Rozier,roziete01
Kel'el Ware,wareke01
Jaime Jaquez Jr.,jaqueja01
Nikola Jović,jovicni01
Davion Mitchell,mitchda01
Alec Burks,burksal01
Pelle Larsson,larsspe01
Jimmy Butler,butleji01
Andrew Wiggins,wiggian01
Kyle Anderson,anderky01
Dru Smith,smithdr01
Kevin Love,loveke01
Josh Richardson,richajo01
Thomas Bryant,bryanth01
Keshad Johnson,johnske10
Josh Christopher,chrisjo01
Isaiah Stevens,steveis01
Trae Young,youngtr01
Dyson Daniels,daniedy01
Onyeka Okongwu,okongon01
Zaccharie Risacher,risacza01
Jalen Johnson,johnsja05
Clint Capela,capelca01
Vit Krejci,krejcvi01
De'Andre Hunter,huntede01
Garrison Mathews,mathega01
Caris LeVert,leverca01
Terance Mann,mannte01
Georges Niang,niangge01
Bogdan Bogdanović,bogdabo01
Mouhamed Gueye,gueyemo02
Keaton Wallace,wallake01
Larry Nance Jr.,nancela02
Dominick Barlow,barlodo01
David Roddy,roddyda01
Kobe Bufkin,bufkiko01
Daeqwon Plowden,plowdda01
Jacob Toppin,toppija01
Jaren Jackson Jr.,jacksja02
Desmond Bane,banede01
Jaylen Wells,wellsja01
Scotty Pippen Jr.,pippesc02
Santi Aldama,aldamsa01
Ja Morant,moranja01
Luke Kennard,kennalu01
Zach Edey,edeyza01
Brandon Clarke,clarkbr01
Jake LaRavia,laravja01
Jay Huff,huffja01
John Konchar,konchjo01
Vince Williams Jr.,willivi01
GG Jackson II,jacksgg01
Marcus Smart,smartma01
Cam Spencer,spencca01
Lamar Stevens,stevela01
Marvin Bagley III,baglema01
Yuki Kawamura,kawamyu01
Colin Castleton,castlco01
Zyon Pullin,pullizy01
James Harden,hardeja01
Ivica Zubac,zubaciv01
Norman Powell,powelno01
Derrick Jones Jr.,jonesde02
Kris Dunn,dunnkr01
Amir Coffey,coffeam01
Nicolas Batum,batumni01
Kawhi Leonard,leonaka01
Kevin Porter Jr.,porteke02
Bogdan Bogdanović,bogdabo01
Terance Mann,mannte01
Jordan Miller,millejo02
Mo Bamba,bambamo01
Ben Simmons,simmobe01
Kobe Brown,brownko01
Bones Hyland,hylanbo01
Kai Jones,joneska01
Drew Eubanks,eubandr01
Patty Mills,millspa02
Cam Christie,chrisca02
Trentyn Flowers,flowetr01
MarJon Beauchamp,beaucma01
Patrick Baldwin Jr.,baldwpa01
Jayson Tatum,tatumja01
Derrick White,whitede01
Payton Pritchard,pritcpa01
Jaylen Brown,brownja02
Jrue Holiday,holidjr01
Al Horford,horfoal01
Sam Hauser,hausesa01
Luke Kornet,kornelu01
Kristaps Porziņģis,porzikr01
Neemias Queta,quetane01
Jordan Walsh,walshjo01
Baylor Scheierman,scheiba01
Xavier Tillman Sr.,tillmxa01
Torrey Craig,craigto01
Drew Peterson,peterdr01
Jaden Springer,sprinja01
JD Davison,davisjd01
Miles Norris,norrimi01
Darius Garland,garlada01
Jarrett Allen,allenja01
Donovan Mitchell,mitchdo01
Evan Mobley,mobleev01
Sam Merrill,merrisa01
Ty Jerome,jeromty01
Max Strus,strusma01
Dean Wade,wadede01
Georges Niang,niangge01
Isaac Okoro,okorois01
Caris LeVert,leverca01
De'Andre Hunter,huntede01
Craig Porter Jr.,portecr01
Jaylon Tyson,tysonja01
Tristan Thompson,thomptr01
Javonte Green,greenja02
Luke Travers,travelu01
Emoni Bates,batesem01
Nae'Qwan Tomlin,tomlina01
JT Thor,thorjt01
Chuma Okeke,okekech01
Coby White,whiteco01
Nikola Vučević,vucevni01
Josh Giddey,giddejo01
Patrick Williams,willipa01
Matas Buzelis,buzelma01
Zach LaVine,lavinza01
Ayo Dosunmu,dosunay01
Julian Phillips,phillju01
Dalen Terry,terryda01
Jalen Smith,smithja04
Kevin Huerter,huertke01
Lonzo Ball,balllo01
Talen Horton-Tucker,hortota01
Zach Collins,colliza01
Tre Jones,jonestr01
Jevon Carter,carteje01
Torrey Craig,craigto01
Chris Duarte,duartch01
E.J. Liddell,liddeej01
Jahmir Young,youngja05
Emanuel Miller,milleem01
Adama Sanogo,sanogad01
Brook Lopez,lopezbr01
Giannis Antetokounmpo,antetgi01
Taurean Prince,princta02
Damian Lillard,lillada01
Gary Trent Jr.,trentga02
A.J. Green,greenaj01
Bobby Portis,portibo01
Kyle Kuzma,kuzmaky01
Andre Jackson Jr.,jacksan01
Ryan Rollins,rolliry01
Pat Connaughton,connapa01
Kevin Porter Jr.,porteke02
Khris Middleton,middlkh01
Delon Wright,wrighde01
Jericho Sims,simsje01
Tyler Smith,smithty02
MarJon Beauchamp,beaucma01
Chris Livingston,livinch01
Stanley Umude,umudest01
Pete Nance,nancepe01
Jamaree Bouyea,bouyeja01
Liam Robbins,robbili01
AJ Johnson,johnsaj01
Toumani Camara,camarto01
Anfernee Simons,simonan01
Shaedon Sharpe,sharpsh01
Deni Avdija,avdijde01
Scoot Henderson,hendesc01
Jerami Grant,grantje01
Donovan Clingan,clingdo01
Deandre Ayton,aytonde01
Dalano Banton,bantoda01
Kris Murray,murrakr01
Jabari Walker,walkeja01
Duop Reath,reathdu01
Rayan Rupert,ruperra01
Robert Williams,williro04
Matisse Thybulle,thybuma01
Justin Minaya,minayju01
Sidy Cissoko,cissosi01
Bryce McGowens,mcgowbr01
Taze Moore,mooreta02
Kelly Oubre Jr.,oubreke01
Tyrese Maxey,maxeyty01
Guerschon Yabusele,yabusgu01
Paul George,georgpa01
Ricky Council IV,councri01
Justin Edwards,edwarju01
Caleb Martin,martica02
Quentin Grimes,grimequ01
Adem Bona,bonaad01
Eric Gordon,gordoer01
Andre Drummond,drumman01
Jared Butler,butleja02
Kyle Lowry,lowryky01
Jeff Dowtin Jr.,dowtije01
Jared McCain,mccaija01
Joel Embiid,embiijo01
KJ Martin,martike04
Lonnie Walker IV,walkelo01
Reggie Jackson,jacksre01
Jalen Hood-Schifino,hoodsja01
Marcus Bagley,baglema02
Alex Reese,reeseal01
Chuma Okeke,okekech01
Oshae Brissett,brissos01
Colin Castleton,castlco01
Pete Nance,nancepe01
Phillip Wheeler,wheelph02
David Roddy,roddyda01
Isaiah Mobley,mobleis01
Lester Quiñones,quinole01
